mode,system,relation,gold_n,predicted_n,tp,fp,fn,precision,recall,f1
sentence_local,TypePairMajority,Association,2233,2781,1156,1625,1077,0.41567781373606616,0.5176892073443797,0.46110889509373754
sentence_local,TypePairMajority,Bind,127,0,0,0,127,0.0,0.0,0.0
sentence_local,TypePairMajority,Comparison,11,0,0,0,11,0.0,0.0,0.0
sentence_local,TypePairMajority,Conversion,13,0,0,0,13,0.0,0.0,0.0
sentence_local,TypePairMajority,Cotreatment,170,0,0,0,170,0.0,0.0,0.0
sentence_local,TypePairMajority,Negative_Correlation,974,0,0,0,974,0.0,0.0,0.0
sentence_local,TypePairMajority,Positive_Correlation,1195,897,152,745,1043,0.16945373467112598,0.12719665271966527,0.1453154875717017
sentence_local,AISKGRuleTransfer,Association,2233,6291,1415,4876,818,0.22492449531076142,0.6336766681594268,0.3320037541060535
sentence_local,AISKGRuleTransfer,Bind,127,164,27,137,100,0.16463414634146342,0.2125984251968504,0.18556701030927839
sentence_local,AISKGRuleTransfer,Comparison,11,83,2,81,9,0.024096385542168676,0.18181818181818182,0.04255319148936171
sentence_local,AISKGRuleTransfer,Conversion,13,0,0,0,13,0.0,0.0,0.0
sentence_local,AISKGRuleTransfer,Cotreatment,170,55,28,27,142,0.509090909090909,0.16470588235294117,0.2488888888888889
sentence_local,AISKGRuleTransfer,Negative_Correlation,974,1102,279,823,695,0.2531760435571688,0.2864476386036961,0.26878612716763
sentence_local,AISKGRuleTransfer,Positive_Correlation,1195,3573,446,3127,749,0.1248250769661349,0.3732217573221757,0.18708053691275167
sentence_local,AISKGConstrainedTransfer,Association,2233,2899,1181,1718,1052,0.4073818558123491,0.528884908195253,0.46024941543257986
sentence_local,AISKGConstrainedTransfer,Bind,127,21,19,2,108,0.9047619047619048,0.14960629921259844,0.25675675675675674
sentence_local,AISKGConstrainedTransfer,Comparison,11,43,0,43,11,0.0,0.0,0.0
sentence_local,AISKGConstrainedTransfer,Conversion,13,111,6,105,7,0.05405405405405406,0.46153846153846156,0.0967741935483871
sentence_local,AISKGConstrainedTransfer,Cotreatment,170,51,25,26,145,0.49019607843137253,0.14705882352941177,0.22624434389140274
sentence_local,AISKGConstrainedTransfer,Negative_Correlation,974,1255,364,891,610,0.2900398406374502,0.3737166324435318,0.32660385823239124
sentence_local,AISKGConstrainedTransfer,Positive_Correlation,1195,1418,434,984,761,0.306064880112835,0.3631799163179916,0.3321852277076158
sentence_local,BioREDirect,Association,2233,2922,1548,1374,685,0.5297741273100616,0.6932377966860725,0.6005819592628516
sentence_local,BioREDirect,Bind,127,52,38,14,89,0.7307692307692307,0.2992125984251969,0.4245810055865922
sentence_local,BioREDirect,Comparison,11,1,1,0,10,1.0,0.09090909090909091,0.16666666666666669
sentence_local,BioREDirect,Conversion,13,0,0,0,13,0.0,0.0,0.0
sentence_local,BioREDirect,Cotreatment,170,148,119,29,51,0.8040540540540541,0.7,0.7484276729559748
sentence_local,BioREDirect,Negative_Correlation,974,1100,730,370,244,0.6636363636363637,0.7494866529774127,0.7039537126325941
sentence_local,BioREDirect,Positive_Correlation,1195,942,616,326,579,0.6539278131634819,0.5154811715481171,0.5765091249415066
full_document,TypePairMajority,Association,2756,8800,1534,7266,1222,0.17431818181818182,0.5566037735849056,0.2654897888542749
full_document,TypePairMajority,Bind,132,0,0,0,132,0.0,0.0,0.0
full_document,TypePairMajority,Comparison,13,0,0,0,13,0.0,0.0,0.0
full_document,TypePairMajority,Conversion,13,0,0,0,13,0.0,0.0,0.0
full_document,TypePairMajority,Cotreatment,171,0,0,0,171,0.0,0.0,0.0
full_document,TypePairMajority,Negative_Correlation,1186,0,0,0,1186,0.0,0.0,0.0
full_document,TypePairMajority,Positive_Correlation,1747,3099,248,2851,1499,0.08002581477896095,0.14195764167143674,0.10235245563351217
full_document,AISKGRuleTransfer,Association,2756,14557,1919,12638,837,0.13182661262622794,0.6962989840348331,0.2216831282851037
full_document,AISKGRuleTransfer,Bind,132,3,1,2,131,0.3333333333333333,0.007575757575757576,0.014814814814814815
full_document,AISKGRuleTransfer,Comparison,13,141,2,139,11,0.014184397163120567,0.15384615384615385,0.025974025974025976
full_document,AISKGRuleTransfer,Conversion,13,0,0,0,13,0.0,0.0,0.0
full_document,AISKGRuleTransfer,Cotreatment,171,77,28,49,143,0.36363636363636365,0.16374269005847952,0.22580645161290322
full_document,AISKGRuleTransfer,Negative_Correlation,1186,2588,290,2298,896,0.11205564142194745,0.24451939291736932,0.15368309485956544
full_document,AISKGRuleTransfer,Positive_Correlation,1747,7313,581,6732,1166,0.0794475591412553,0.3325701202060675,0.1282560706401766
full_document,AISKGConstrainedTransfer,Association,2756,3364,1365,1999,1391,0.4057669441141498,0.49528301886792453,0.44607843137254904
full_document,AISKGConstrainedTransfer,Bind,132,22,13,9,119,0.5909090909090909,0.09848484848484848,0.1688311688311688
full_document,AISKGConstrainedTransfer,Comparison,13,26,0,26,13,0.0,0.0,0.0
full_document,AISKGConstrainedTransfer,Conversion,13,68,2,66,11,0.029411764705882353,0.15384615384615385,0.04938271604938271
full_document,AISKGConstrainedTransfer,Cotreatment,171,75,14,61,157,0.18666666666666668,0.08187134502923976,0.11382113821138212
full_document,AISKGConstrainedTransfer,Drug_Interaction,0,10,0,10,0,0.0,0.0,0.0
full_document,AISKGConstrainedTransfer,Negative_Correlation,1186,1407,395,1012,791,0.28073916133617627,0.3330522765598651,0.3046664095642113
full_document,AISKGConstrainedTransfer,Positive_Correlation,1747,1686,508,1178,1239,0.3013048635824436,0.2907842014882656,0.2959510632100204
full_document,BioREDirect,Association,2756,3501,1717,1784,1039,0.49043130534133106,0.6230043541364296,0.5488253156464759
full_document,BioREDirect,Bind,132,56,38,18,94,0.6785714285714286,0.2878787878787879,0.40425531914893625
full_document,BioREDirect,Comparison,13,1,1,0,12,1.0,0.07692307692307693,0.14285714285714288
full_document,BioREDirect,Conversion,13,0,0,0,13,0.0,0.0,0.0
full_document,BioREDirect,Cotreatment,171,149,120,29,51,0.8053691275167785,0.7017543859649122,0.75
full_document,BioREDirect,Negative_Correlation,1186,1277,808,469,378,0.6327329678935004,0.6812816188870152,0.6561104344295575
full_document,BioREDirect,Positive_Correlation,1747,1281,807,474,940,0.629976580796253,0.4619347452776188,0.5330250990752973
