benchmark_sentence_id,document_id,sentence_id,sentence_text,year,final_topic,title,source,has_non_amatoxin,has_toxin,pmid,annotation_status,expert_comments
BMS-0001,PMID_22885396.0,0,Irreversible renal damage from accidental mushroom poisoning.. .,2012,Experimental hepatotoxicity models,Irreversible renal damage from accidental mushroom poisoning.,PubMed,False,True,22885396,Completed,Human-audited and finalized against the original sentence context.
BMS-0002,PMID_33329489.0,10,"Screening for the most notorious toxins by liquid chromatography-high-resolution mass spectrometry revealed the presence of α-amanitin, β-amanitin, and phallacidin in A. albolimbata .. amatoxins; phallotoxins; poisoning risk; taxonomy; tropical Africa",2020,Neurological toxicity and encephalopathy,"Morphology, Multilocus Phylogeny, and Toxin Analysis Reveal Amanita albolimbata , the First Lethal Amanita Species From Benin, West Africa.",PubMed,True,True,33329489,Completed,Human-audited and finalized against the original sentence context.
BMS-0003,PMID_32084355.0,3,"Here, we show in atomic detail that phalloidin, a mushroom toxin that is routinely used to stabilize and label actin filaments, suspends the structural changes in actin, likely influencing its interaction with actin-binding proteins.",2020,Other mushroom-poisoning topics,Structural Effects and Functional Implications of Phalloidin and Jasplakinolide Binding to Actin Filaments.,PubMed,False,True,32084355,Completed,Human-audited and finalized against the original sentence context.
BMS-0004,PMID_27394089.0,8,Hemoperfusion; High performance liquid chromatography; Molecular imprinting; Mushroom poisoning; Solid-phase extraction,2016,Other mushroom-poisoning topics,Fabrication of a biomimetic adsorbent imprinted with a common specificity determinant for the removal of α- and β-amanitin from plasma.,PubMed,False,True,27394089,Completed,Human-audited and finalized against the original sentence context.
BMS-0005,PMID_26997594.0,0,"Study of Silymarin and Vitamin E Protective Effects on Silver Nanoparticle Toxicity on Mice Liver Primary Cell Culture.. Nanotechnology is a most promising field for generating new applications in medicine, although, only few nano products are currently in use for medical purposes.",2016,Other mushroom-poisoning topics,Study of Silymarin and Vitamin E Protective Effects on Silver Nanoparticle Toxicity on Mice Liver Primary Cell Culture.,PubMed,False,True,26997594,Completed,Human-audited and finalized against the original sentence context.
BMS-0006,PMID_32866473.0,10,"Moreover, the levels of GA were below the detection limit and no phallotoxins were detected.",2020,Neurological toxicity and encephalopathy,Toxin components and toxicological importance of Galerina marginata from Turkey.,PubMed,True,True,32866473,Completed,Human-audited and finalized against the original sentence context.
BMS-0007,PMID_40379039.0,1,Poisoning caused by the mushroom toxin α-amanitin accounts for ∼90 % of food poisoning deaths resulting from mushrooms in China.,2025,Amanita and amatoxin poisoning,PP2A attenuates α-amanitin-induced liver injury by promoting autophagy and inhibiting apoptosis in mouse models.,PubMed,False,True,40379039,Completed,Human-audited and finalized against the original sentence context.
BMS-0008,PMID_18307186.0,1,The amatoxins are a family of toxic bicyclic peptides that inhibit RNA polymerase II.,2008,Other mushroom-poisoning topics,"Synthesis, characterisation, and in vitro evaluation of Pro2-Ile3-S-deoxo-amaninamide and Pro2-D-allo-Ile3-S-deoxo-amaninamide: implications for structure-activity relationships in amanitin conformation and toxicity.",PubMed,False,True,18307186,Completed,Human-audited and finalized against the original sentence context.
BMS-0009,PMID_30705830.0,0,Toxicological profile of Amanita virosa - A narrative review..,2019,Other mushroom-poisoning topics,Toxicological profile of Amanita virosa - A narrative review.,PubMed,False,True,30705830,Completed,Human-audited and finalized against the original sentence context.
BMS-0010,PMID_19171965.0,6,"Further structural studies in combination with in vitro transcription experiments led to a mechanistic understanding of various additional features of the EC, including its inhibition by the fungal toxin alpha-amanitin, the tunability of the active site by the elongation factor TFIIS, the recognition of DNA lesions and the use of RNA as a template..",2009,Other mushroom-poisoning topics,Structure-function studies of the RNA polymerase II elongation complex.,PubMed,False,True,19171965,Completed,Human-audited and finalized against the original sentence context.
BMS-0011,PMID_11235813.0,5,"However, no significant activity change on RNA polymerase from Hep G2 cells was observed when aucubin was treated with alpha-amanitin at any concentration tested.",2001,Amanita and amatoxin poisoning,Studies on the possible mechanisms of protective activity against alpha-amanitin poisoning by aucubin.,PubMed,False,True,11235813,Completed,Human-audited and finalized against the original sentence context.
BMS-0012,PMID_26553321.0,0,Human and experimental toxicology of orellanine. .,2016,Experimental hepatotoxicity models,Human and experimental toxicology of orellanine,Scopus,True,True,26553321,Completed,Human-audited and finalized against the original sentence context.
BMS-0013,PMID_33796724.0,2,It contains a hallucinogenic alkaloid psilocybin and several other bioactive compounds.,2021,AI and machine-learning classification,Complete mitochondrial genome sequence of Gymnopilus junonius .,PubMed,True,True,33796724,Completed,Human-audited and finalized against the original sentence context.
BMS-0014,PMID_38670498.0,10,Our study revealed for the first time that L. castanea mushrooms from different geographical regions of Turkiye do not contain amatoxin and phallotoxin.,2024,Neurological toxicity and encephalopathy,Lepiota castanea mushroom growing in Turkiye does not contain phallotoxins and amatoxins.,PubMed,True,True,38670498,Completed,Human-audited and finalized against the original sentence context.
BMS-0015,PMID_38971474.0,6,"Psilocybin and psilocin were detected in mushroom samples, and only psilocin was detected in biological samples by liquid chromatography-triple quadrupole-linear ion trap mass spectrometry screening.",2024,Other mushroom-poisoning topics,"Mushroom poisoning of Panaeolus subbalteatus from Ningxia, northwest China, with species identification and tryptamine detection.",PubMed,True,True,38971474,Completed,Human-audited and finalized against the original sentence context.
BMS-0016,PMID_26779427.0,5,Nephrotoxic mushroom poisoning should be considered as a cause of acute kidney injury..,2015,Outbreaks and epidemiology,Severe but reversible acute kidney injury resulting from Amanita punctata poisoning.,PubMed,False,True,26779427,Completed,Human-audited and finalized against the original sentence context.
BMS-0017,PMID_11284205.0,8,"Stabilization of the fibrous form, F-actin, with the mushroom toxin, phalloidin, blocks the effect of actin on VDAC, indicating that F-actin might be ineffective.",2001,Other mushroom-poisoning topics,Actin modulates the gating of Neurospora crassa VDAC.,PubMed,False,True,11284205,Completed,Human-audited and finalized against the original sentence context.
BMS-0018,PMID_23886249.0,0,Nicotinic acid in erythromelalgia associated with Clitocybe acromelalga intoxication: Theories and therapy. .,2013,Other mushroom-poisoning topics,Nicotinic acid in erythromelalgia associated with Clitocybe acromelalga intoxication: Theories and therapy,Scopus,False,True,23886249,Completed,Human-audited and finalized against the original sentence context.
BMS-0019,PMID_33650632.0,5,"However, intact nucleolar organization and function were essential for hIAPP expression under normal and ER-stress conditions as RNA polymerase II inhibitor, α-amanitin, reduced hIAPP protein expression evoked by high glucose and thapsigargin.",2021,Other mushroom-poisoning topics,FoxA2 and RNA Pol II mediate human islet amyloid polypeptide turnover in ER-stressed pancreatic β-cells.,PubMed,False,True,33650632,Completed,Human-audited and finalized against the original sentence context.
BMS-0020,PMID_10975479.0,0,Plasmapheresis in the treatment of Amanita phalloides poisoning: II.,2000,Other mushroom-poisoning topics,Plasmapheresis in the treatment of Amanita phalloides poisoning: II. A review and recommendations.,PubMed,False,False,10975479,Completed,Human-audited and finalized against the original sentence context.
BMS-0021,PMID_24911374.0,24,Amanita phalloides; Amanita verna; Amanitin; HPLC; Phallotoxin,2014,Neurological toxicity and encephalopathy,Clinical importance of toxin concentration in Amanita verna mushroom.,PubMed,True,True,24911374,Completed,Human-audited and finalized against the original sentence context.
BMS-0022,PMID_16819507.0,5,"In contrast, normal centriole duplication proceeded undisturbed in alpha-amanitin-treated cells.",2007,Shiitake dermatitis,RNA polymerase II transcription is required for human papillomavirus type 16 E7- and hydroxyurea-induced centriole overduplication.,PubMed,False,True,16819507,Completed,Human-audited and finalized against the original sentence context.
BMS-0023,DOI_10.1016_j.myc.2017.03.003,0,Amatoxin and phallotoxin concentrations in Amanita fuliginea:,2017,Neurological toxicity and encephalopathy,"Amatoxin and phallotoxin concentrations in Amanita fuliginea: Influence of tissues, developmental stages and collection sites",Scopus,True,True,10,Completed,Human-audited and finalized against the original sentence context.
BMS-0024,PMID_31014949.0,0,"Acute liver injury, acute liver failure and acute on chronic liver failure: A clinical spectrum of poisoning due to Gyromitra esculenta..",2019,Other mushroom-poisoning topics,"Acute liver injury, acute liver failure and acute on chronic liver failure: A clinical spectrum of poisoning due to Gyromitra esculenta.",PubMed,False,False,31014949,Completed,Human-audited and finalized against the original sentence context.
BMS-0025,PMID_12405536.0,6,"Measurement of the selenoprotein W mRNA half-life in myoblasts treated with the transcription inhibitor, alpha-amanitin, showed that selenoprotein W mRNA levels decreased over time with an estimated half-life of 57 h for cells grown in low selenium medium.",2002,Amanita and amatoxin poisoning,Selenoprotein W gene regulation by selenium in L8 cells.,PubMed,False,True,12405536,Completed,Human-audited and finalized against the original sentence context.
BMS-0026,PMID_33235487.0,20,"Early detection, close monitoring (especially serum potassium, creatinine, CPK and cardiac effect) and good supportive care were the main treatment modalities..",2020,Other mushroom-poisoning topics,Myotoxic Mushroom Poisoning in Thailand: Clinical Characteristics and Outcomes.,PubMed,False,False,33235487,Completed,Human-audited and finalized against the original sentence context.
BMS-0027,PMID_15905794.0,0,"Nephrotoxicity associated with exposure to plant toxins, with particular reference to Africa. .",2005,Clinical poisoning cases and diagnosis,"Nephrotoxicity associated with exposure to plant toxins, with particular reference to Africa",Scopus,False,True,15905794,Completed,Human-audited and finalized against the original sentence context.
BMS-0028,PMID_25649895.0,5,Diagnosis is essentially clinical and no specific therapy has been shown to be effective in preventing and treating renal damage.,2015,Experimental hepatotoxicity models,Renal involvement in mushroom poisoning: The case of Orellanus syndrome.,PubMed,False,False,25649895,Completed,Human-audited and finalized against the original sentence context.
BMS-0029,PMID_34965486.0,6,Phallotoxins have not been detected any of these species.,2022,Neurological toxicity and encephalopathy,Occurrence and chemotaxonomical analysis of amatoxins in Lepiota spp. (Agaricales).,PubMed,True,True,34965486,Completed,Human-audited and finalized against the original sentence context.
BMS-0030,PMID_22202811.0,1,"Amatoxins and the chemically similar phallotoxins are synthesized on ribosomes in Amanita bisporigera, Amanita phalloides, and Amanita ocreata.",2012,Other mushroom-poisoning topics,Ribosomal biosynthesis of α-amanitin in Galerina marginata.,PubMed,True,True,22202811,Completed,Human-audited and finalized against the original sentence context.
BMS-0031,PMID_30077439.0,4,"Treatment is generally supportive, but specific therapeutic measures exist for amanitin and psilocin exposures.. Amanita; Amanitins; Gastrointestinal irritation; Hepatotoxic mushrooms; Liver failure; Neurotoxicosis; Psilocin; Toxicosis",2018,Other mushroom-poisoning topics,"Mushroom Poisoning Cases in Dogs and Cats: Diagnosis and Treatment of Hepatotoxic, Neurotoxic, Gastroenterotoxic, Nephrotoxic, and Muscarinic Mushrooms.",PubMed,True,True,30077439,Completed,Human-audited and finalized against the original sentence context.
BMS-0032,PMID_35250953.0,2,"Gyromitra infula , a kind of poisonous mushroom, contains gyromitrin toxin, which causes epileptogenic neurotoxicity and hemolytic disease.",2022,AI and machine-learning classification,Identification of Gyromitra infula : A Rapid and Visual Method Based on Loop-Mediated Isothermal Amplification.,PubMed,True,True,35250953,Completed,Human-audited and finalized against the original sentence context.
BMS-0033,PMID_38598422.0,0,"Chemoenzymatic Synthesis of 4,5-Dihydroxyisoleucine Fragment of α-Amanitin..",2024,Other mushroom-poisoning topics,"Chemoenzymatic Synthesis of 4,5-Dihydroxyisoleucine Fragment of α-Amanitin.",PubMed,False,True,38598422,Completed,Human-audited and finalized against the original sentence context.
BMS-0034,PMID_38908526.0,0,A 19-year longitudinal assessment of gyromitrin-containing (Gyromitra spp.),2024,Other mushroom-poisoning topics,A 19-year longitudinal assessment of gyromitrin-containing (Gyromitra spp.) mushroom poisonings in Michigan,Scopus,True,True,38908526,Completed,Human-audited and finalized against the original sentence context.
BMS-0035,PMID_28895390.0,0,A universal method for the identification of genes encoding amatoxins and phallotoxins in poisonous mushrooms. .,2017,Other mushroom-poisoning topics,A universal method for the identification of genes encoding amatoxins and phallotoxins in poisonous mushrooms,Scopus,True,True,28895390,Completed,Human-audited and finalized against the original sentence context.
BMS-0036,PMID_19556115.0,10,Administration of studied antidotes was not associated with any adverse effects in hepatocytes.,2010,Amanita and amatoxin poisoning,"Benzylpenicillin, acetylcysteine and silibinin as antidotes in human hepatocytes intoxicated with alpha-amanitin.",PubMed,False,False,19556115,Completed,Human-audited and finalized against the original sentence context.
BMS-0037,PMID_38311256.0,0,Wild mushroom poisoning: A case study of amatoxin-containing mushrooms and implications for public health..,2024,Outbreaks and epidemiology,Wild mushroom poisoning: A case study of amatoxin-containing mushrooms and implications for public health.,PubMed,False,True,38311256,Completed,Human-audited and finalized against the original sentence context.
BMS-0038,DOI_10.1134_s1061934824701715,0,"HPLC–MS/MS Methods for Detecting Muscarine, Muscimol, and Ibotenic Acid in Fungal Samples and Biological Matrices. .",2025,Other mushroom-poisoning topics,"HPLC–MS/MS Methods for Detecting Muscarine, Muscimol, and Ibotenic Acid in Fungal Samples and Biological Matrices",Scopus,True,True,10,Completed,Human-audited and finalized against the original sentence context.
BMS-0039,PMID_30439442.0,11,"Syndromes with primary neurotoxicity: 2A, hallucinogenic mushrooms (psilocybins and related toxins); 2B, autonomic-toxicity mushrooms (muscarines); 2C, CNS-toxicity mushrooms (ibotenic acid/muscimol); 2D, morel neurologic syndrome (Morchella spp.).",2019,Other mushroom-poisoning topics,Mushroom poisoning: A proposed new clinical classification.,PubMed,True,True,30439442,Completed,Human-audited and finalized against the original sentence context.
BMS-0040,PMID_23719849.0,12,Amanita phalloides; HPLC; amanitin; phallotoxin,2015,Neurological toxicity and encephalopathy,Amatoxin and phallotoxin concentration in Amanita phalloides spores and tissues.,PubMed,True,True,23719849,Completed,Human-audited and finalized against the original sentence context.
BMS-0041,PMID_36340132.0,0,"Meyeroguilline E, a New Isoindolinone Alkaloid from the Poisonous Mushroom Chlorophyllum molybdites , and Identification of Compounds with Multidrug Resistance (MDR) Reversal Activities..",2022,Other mushroom-poisoning topics,"Meyeroguilline E, a New Isoindolinone Alkaloid from the Poisonous Mushroom Chlorophyllum molybdites , and Identification of Compounds with Multidrug Resistance (MDR) Reversal Activities.",PubMed,False,True,36340132,Completed,Human-audited and finalized against the original sentence context.
BMS-0042,PMID_12799190.0,6,The spatial distribution of nuclear DGK-theta was dynamic in that it was affected by inhibition of mRNA transcription with alpha-amanitin.,2003,Shiitake dermatitis,Diacylglycerol kinase-theta is localized in the speckle domains of the nucleus.,PubMed,False,True,12799190,Completed,Human-audited and finalized against the original sentence context.
BMS-0043,PMID_12531012.0,0,Anti-tumour compounds illudin S and Irofulven induce DNA lesions ignored by global repair and exclusively processed by transcription- and replication-coupled repair pathways. .,2002,Other mushroom-poisoning topics,Anti-tumour compounds illudin S and Irofulven induce DNA lesions ignored by global repair and exclusively processed by transcription- and replication-coupled repair pathways,Scopus,True,True,12531012,Completed,Human-audited and finalized against the original sentence context.
BMS-0044,PMID_20564017.0,6,"We have shown that, in Amanita bisporigera, the amatoxins and phallotoxins are synthesized as proproteins on ribosomes and not by nonribosomal peptide synthetases.",2010,Other mushroom-poisoning topics,Ribosomal biosynthesis of the cyclic peptide toxins of Amanita mushrooms.,PubMed,True,True,20564017,Completed,Human-audited and finalized against the original sentence context.
BMS-0045,PMID_21751026.0,1,Ibotenic acid and muscimol are substances which mostly participate in psychotropic properties of Amanita pantherina and Amanita muscaria.,2012,Other mushroom-poisoning topics,GC/MS determination of ibotenic acid and muscimol in the urine of patients intoxicated with Amanita pantherina.,PubMed,True,True,21751026,Completed,Human-audited and finalized against the original sentence context.
BMS-0046,PMID_21945592.0,7,Concentrations of α-amanitin in the pileus were significantly greater than in the stipe.,2011,Neurological toxicity and encephalopathy,Amatoxin and phallotoxin composition in species of the genus Amanita in Colombia: a taxonomic perspective.,PubMed,False,True,21945592,Completed,Human-audited and finalized against the original sentence context.
BMS-0047,PMID_32237919.0,15,"Among these confirmed cases, the mortality rate was 10% (1/10) in both silibinin/silymarin-treated and untreated cases.",2021,Other mushroom-poisoning topics,Current fatality rate of suspected cyclopeptide mushroom poisoning in the United States.,PubMed,False,False,32237919,Completed,Human-audited and finalized against the original sentence context.
BMS-0048,PMID_33235487.0,17,Myotoxic mushroom poisoning had a high mortality rate.,2020,Other mushroom-poisoning topics,Myotoxic Mushroom Poisoning in Thailand: Clinical Characteristics and Outcomes.,PubMed,False,True,33235487,Completed,Human-audited and finalized against the original sentence context.
BMS-0049,PMID_22696417.0,5,The amatoxin contents and distribution in six different mushroom tissues of A. exitialis were analysed by reverse phase high-performance liquid chromatography.,2012,Neurological toxicity and encephalopathy,Determination of amatoxins in different tissues and development stages of Amanita exitialis.,PubMed,False,True,22696417,Completed,Human-audited and finalized against the original sentence context.
BMS-0050,PMID_32378541.0,3,"Additionally, six known compounds, illudin S, neoilludins A-B, 5-hydroxydichomitol, ergosterolperoxide, and 3β,5α,9α-trihydroxyergosta-7,22-diene-6-one, were also obtained.",2020,Other mushroom-poisoning topics,Constituents of the Fruiting Body of Poisonous Mushroom Omphalotus japonicus.,PubMed,True,True,32378541,Completed,Human-audited and finalized against the original sentence context.
BMS-0051,PMID_38283455.0,1,Mushroom poisoning as a cause of acute liver injury is rare but associated with deadly outcomes if not early recognized and treated.,2023,Other mushroom-poisoning topics,Mushroom Poisoning: A Rare Etiology of Acute Liver Failure.,PubMed,False,True,38283455,Completed,Human-audited and finalized against the original sentence context.
BMS-0052,PMID_29561592.0,0,"Synthesis of the Death-Cap Mushroom Toxin α-Amanitin.. α-Amanitin is an extremely toxic bicyclic octapeptide isolated from the death-cap mushroom, Amanita phalloides.",2018,Other mushroom-poisoning topics,Synthesis of the Death-Cap Mushroom Toxin α-Amanitin.,PubMed,False,True,29561592,Completed,Human-audited and finalized against the original sentence context.
BMS-0053,PMID_38408526.0,2,"Alpha-Amanitin (α-AMA), a toxic substance present in these mushrooms, is responsible for the resulting hepatotoxicity and nephrotoxicity.",2024,Other mushroom-poisoning topics,Biodistribution of radiolabeled alpha-amanitin in mice: An Investigation.,PubMed,False,True,38408526,Completed,Human-audited and finalized against the original sentence context.
BMS-0054,PMID_23209542.0,9,"This suggests the possibility of a more general use of the moieties examined here to enhance the uptake of hydrophilic peptides, or drugs, into live cells.. amatoxins; cellular uptake; endocytosis; peptides; phalloidin; phallotoxins",2012,Other mushroom-poisoning topics,Chemical modification allows phallotoxins and amatoxins to be used as tools in cell biology.,PubMed,True,True,23209542,Completed,Human-audited and finalized against the original sentence context.
BMS-0055,PMID_38283455.0,4,"We present a patient with gastroenteritis who ingested wild mushroom 14 hours prior to hospital admission with subsequent severe acute liver failure due to mushroom poisoning, successfully treated with urgent liver transplantation.",2023,Other mushroom-poisoning topics,Mushroom Poisoning: A Rare Etiology of Acute Liver Failure.,PubMed,False,True,38283455,Completed,Human-audited and finalized against the original sentence context.
BMS-0056,PMID_25484237.0,0,Peptide macrocyclization catalyzed by a prolyl oligopeptidase involved in α-amanitin biosynthesis..,2014,Other mushroom-poisoning topics,Peptide macrocyclization catalyzed by a prolyl oligopeptidase involved in α-amanitin biosynthesis.,PubMed,False,True,25484237,Completed,Human-audited and finalized against the original sentence context.
BMS-0057,PMID_40529243.0,2,"Ibotenic acid is identified as the primary neurotoxin associated with this form of poisoning; however, the underlying mechanisms of its neurotoxicity remain poorly understood.",2025,Other mushroom-poisoning topics,Preliminary study on the time-correlation changes in brain neurotransmitters of mice exposed to mushroom toxin ibotenic acid.,PubMed,True,True,40529243,Completed,Human-audited and finalized against the original sentence context.
BMS-0058,PMID_20648744.0,1,"Even though amatoxins and phallotoxins have been well characterized in basidiocarps of Amanita species, to our knowledge no report of these toxins in spores of Amanitas has been published.",2010,Neurological toxicity and encephalopathy,Amatoxin and phallotoxin concentration in amanita bisporigera spores.,PubMed,True,True,20648744,Completed,Human-audited and finalized against the original sentence context.
BMS-0059,PMID_37929913.0,7,Amatoxins and/or phallotoxins were identified in each whole blood sample at a range of 1.12-5.63 ng/mL and in two urine samples from 1.01-9.27 ng/mL.,2024,Other mushroom-poisoning topics,Simple and rapid detection of three amatoxins and three phallotoxins in human body fluids by UPLC-MS-MS and its application in 15 poisoning cases.,PubMed,True,True,37929913,Completed,Human-audited and finalized against the original sentence context.
BMS-0060,PMID_21941127.0,4,"Here, we provide two approaches to estimate miRNA stability and factors affecting it: in cells lacking Ago2, endogenous miRNA guide strand degradation and half-lives can be assessed using Actinomycin D or α-Amanitin.",2011,Other mushroom-poisoning topics,Argonaute proteins regulate microRNA stability: ﻿Increased microRNA abundance by Argonaute proteins is due to microRNA stabilization.,PubMed,False,True,21941127,Completed,Human-audited and finalized against the original sentence context.
BMS-0061,PMID_16619226.0,1,"The objective of this study is to describe the clinical status, procedural interventions, and outcomes of critically ill patients with poisoning and snake bite injuries presenting to a tertiary-care emergency department for treatment with therapeutic plasmapheresis.",2006,Clinical poisoning cases and diagnosis,The use of therapeutic plasmapheresis in the treatment of poisoned and snake bite victims: an academic emergency department's experiences.,PubMed,False,False,16619226,Completed,Human-audited and finalized against the original sentence context.
BMS-0062,PMID_37488986.0,2,"Among the different toxins implicated in these poisonings, muscarine may induce parasympathetic neurological damage.",2024,Other mushroom-poisoning topics,Application to several suspected poisoning cases of a validated analytical method for the determination of muscarine in human biological matrices using liquid chromatography with high-resolution mass spectrometry detection.,PubMed,True,True,37488986,Completed,Human-audited and finalized against the original sentence context.
BMS-0063,PMID_30622880.0,16,"Our result suggests that horizontal gene transfer (HGT), at least between Amanita and Galerina, was involved in the acquisition of POPB genes, which may shed light on the evolution of the α-amanitin biosynthetic pathway.. Amanita; Galerina; Lepiota; amatoxin; horizontal gene transfer; phallotoxin; phylogeny",2018,Other mushroom-poisoning topics,The MSDIN family in amanitin-producing mushrooms and evolution of the prolyl oligopeptidase genes.,PubMed,True,True,30622880,Completed,Human-audited and finalized against the original sentence context.
BMS-0064,PMID_26543811.0,5,Alteration of the synaptic transmission in the central nervous system by these toxins may lead to a burst suppression pattern.. Amanita pantherina; Burst suppression; GABA receptor; Ibotenic acid; Muscimol,2015,Other mushroom-poisoning topics,"Burst suppression electroencephalogram with mushroom poisoning, Amanita pantherina.",PubMed,True,True,26543811,Completed,Human-audited and finalized against the original sentence context.
BMS-0065,PMID_34472672.0,1,The matrix effect has been a major obstacle for accurate determination of α-amanitin in plasma samples by liquid chromatography/tandem mass spectrometry (LC/MS/MS).,2021,Other mushroom-poisoning topics,Development of a simple and reliable method for α-amanitin detection in rat plasma and its application to a toxicokinetic study.,PubMed,False,True,34472672,Completed,Human-audited and finalized against the original sentence context.
BMS-0066,PMID_26915341.0,6,"There is debate whether other Cortinarius mushroom contain orellanine or not, especially in North America.",2016,Experimental hepatotoxicity models,A novel orellanine containing mushroom Cortinarius armillatus.,PubMed,True,True,26915341,Completed,Human-audited and finalized against the original sentence context.
BMS-0067,PMID_34187333.0,7,"In addition, α-amanitin weakly or negligibly inhibited cytochrome P450 and 5'-diphospho-glucuronosyltransferase enzymes activity in human liver microsomes as well as major drug transport functions in mammalian cells overexpressing transporters.",2021,Other mushroom-poisoning topics,Pharmacokinetics of α-amanitin in mice using liquid chromatography-high resolution mass spectrometry and in vitro drug-drug interaction potentials.,PubMed,False,True,34187333,Completed,Human-audited and finalized against the original sentence context.
BMS-0068,PMID_26911556.0,0,Practical total syntheses of acromelic acids A and B. .,2016,Other mushroom-poisoning topics,Practical total syntheses of acromelic acids A and B,Scopus,False,False,26911556,Completed,Human-audited and finalized against the original sentence context.
BMS-0069,PMID_34965486.0,14,Liquid chromatography-diode array detection-mass spectrometry (LC-DAD-MS); Phallotoxins; Phylogenetic analyses; Polypeptide,2022,Neurological toxicity and encephalopathy,Occurrence and chemotaxonomical analysis of amatoxins in Lepiota spp. (Agaricales).,PubMed,True,True,34965486,Completed,Human-audited and finalized against the original sentence context.
BMS-0070,PMID_10618654.0,6,alpha-Amanitin sensitivity was first detected at the 2-5-cell stage but became predominant following the 6-8-cell stage of development to eventually affect the appearance of up to 40% of all cDNA bands by the blastocyst stage.,2000,Liver failure and hepatotoxicity,Assessment by differential display-RT-PCR of mRNA transcript transitions and alpha-amanitin sensitivity during bovine preattachment development.,PubMed,False,True,10618654,Completed,Human-audited and finalized against the original sentence context.
BMS-0071,PMID_18289623.0,11,"Mafosfamide induced caspase dependent apoptosis and, for low dose treated cells, caspases were preferentially activated in the S-phase, whereas at high dose caspases were activated in all cell cycle stages.",2008,Other mushroom-poisoning topics,"Apoptotic death induced by the cyclophosphamide analogue mafosfamide in human lymphoblastoid cells: contribution of DNA replication, transcription inhibition and Chk/p53 signaling.",PubMed,False,False,18289623,Completed,Human-audited and finalized against the original sentence context.
BMS-0072,PMID_15278082.0,6,"In the second part, 5 emergency physicians were presented simultaneously with 10 Meixner processed samples, including the mushroom indole compounds alpha-amanitin (2 microg and 10 microg), psilocin (20 microL and 60 microL of mushroom extract), 5-hydroxytryptamine (100 microg and 200 microg), and 5-methoxy-N,N-dimethyltryptamine (100 microg and 200 microg), as well as 2 negative controls (20 microL of water and methanol).",2004,Other mushroom-poisoning topics,The Meixner test in the detection of alpha-amanitin and false-positive reactions caused by psilocin and 5-substituted tryptamines.,PubMed,True,True,15278082,Completed,Human-audited and finalized against the original sentence context.
BMS-0073,PMID_18825705.0,8,"In conclusion, in patients undergoing ALT for ALF with a diffuse pattern of liver injury-mainly acetaminophen toxicity-hepatocyte proliferation occurs in the native liver within a few days of transplantation.",2008,Other mushroom-poisoning topics,Auxiliary transplantation for acute liver failure: Histopathological study of native liver regeneration.,PubMed,False,True,18825705,Completed,Human-audited and finalized against the original sentence context.
BMS-0074,PMID_22189510.0,14,Our data indicate that clinical diagnosis based on systematic criteria and a comprehensive treatment regimen may be effective in decreasing the mortality in mushroom intoxication..,2012,Other mushroom-poisoning topics,Approach to mushroom intoxication and treatment: can we decrease mortality?,PubMed,False,True,22189510,Completed,Human-audited and finalized against the original sentence context.
BMS-0075,EID_2-s2.0-84950274673,0,What is the restoring role of chrysin in alpha amanitin toxicity. .,2015,Other mushroom-poisoning topics,What is the restoring role of chrysin in alpha amanitin toxicity,Scopus,False,True,2,Completed,Human-audited and finalized against the original sentence context.
BMS-0076,PMID_31964279.0,3,Our study assessed the efficacy of N-acetylcysteine (NAC) as a treatment for amatoxin poisoning.,2020,Outbreaks and epidemiology,Low-cost management of mushroom poisoning in a limited-resource area: a 12-year retrospective study.,PubMed,False,True,31964279,Completed,Human-audited and finalized against the original sentence context.
BMS-0077,PMID_41163058.0,1,Amatoxin-related acute liver failure (AT-ALF) carries high mortality without liver transplantation (LTX).,2025,Toxin detection and biomonitoring,Therapeutic plasma exchange in amatoxin associated acute liver failure-results from the multi-center Amanita-PEX study.,PubMed,False,True,41163058,Completed,Human-audited and finalized against the original sentence context.
BMS-0078,PMID_15777146.0,4,It highlights the need for awareness of non-amatoxin-producing mushrooms as potentially lethal..,2005,Other mushroom-poisoning topics,Fatal muscarinic syndrome after eating wild mushrooms.,PubMed,False,True,15777146,Completed,Human-audited and finalized against the original sentence context.
BMS-0079,PMID_23209542.0,0,Chemical modification allows phallotoxins and amatoxins to be used as tools in cell biology..,2012,Other mushroom-poisoning topics,Chemical modification allows phallotoxins and amatoxins to be used as tools in cell biology.,PubMed,True,True,23209542,Completed,Human-audited and finalized against the original sentence context.
BMS-0080,PMID_23763309.0,0,Dermal absorption and toxicity of alpha amanitin in mice..,2014,Amanita and amatoxin poisoning,Dermal absorption and toxicity of alpha amanitin in mice.,PubMed,False,True,23763309,Completed,Human-audited and finalized against the original sentence context.
BMS-0081,PMID_38353054.0,0,Colorimetric assay for α-amanitin based on inhibition of carbon dots/AuNPs nanoenzyme activity..,2024,Other mushroom-poisoning topics,Colorimetric assay for α-amanitin based on inhibition of carbon dots/AuNPs nanoenzyme activity.,PubMed,False,True,38353054,Completed,Human-audited and finalized against the original sentence context.
BMS-0082,PMID_19566380.0,1,"Many species of the genus Inocybe (family Cortinariaceae, higher Basidiomycetes) are muscarine-containing mycorrhizal mushrooms, ubiquitous around the world.",2009,Other mushroom-poisoning topics,Mushroom poisoning from species of genus Inocybe (fiber head mushroom): a case series with exact species identification.,PubMed,True,True,19566380,Completed,Human-audited and finalized against the original sentence context.
BMS-0083,PMID_38971474.0,7,"The average psilocybin and psilocin contents in mushroom samples were 1532.2-1760.7 and 114.5-136.0 mg/kg (n = 3), respectively.",2024,Other mushroom-poisoning topics,"Mushroom poisoning of Panaeolus subbalteatus from Ningxia, northwest China, with species identification and tryptamine detection.",PubMed,True,True,38971474,Completed,Human-audited and finalized against the original sentence context.
BMS-0084,PMID_12117264.0,1,Reduced toxicity of high zinc exposure was observed after pretreatment of various lung cells with nonlethal zinc concentrations.,2002,Amanita and amatoxin poisoning,Effect of low level zinc pretreatment on zinc-mediated toxicity in different lung cell lines.,PubMed,False,True,12117264,Completed,Human-audited and finalized against the original sentence context.
BMS-0085,PMID_38971474.0,8,"Moreover, only psilocin was detected in blood and urine samples, with average concentrations 0.5-1.2 ng/mL (n = 3) and 2.5-3.1 ng/mL (n = 3), respectively.",2024,Other mushroom-poisoning topics,"Mushroom poisoning of Panaeolus subbalteatus from Ningxia, northwest China, with species identification and tryptamine detection.",PubMed,True,True,38971474,Completed,Human-audited and finalized against the original sentence context.
BMS-0086,PMID_35294965.0,0,Determination of Orellanine in Human Biological Matrices Using Liquid Chromatography with High-Resolution Mass Spectrometry Detection: A Validated Method Applied to Suspected Poisoning Cases. .,2023,Experimental hepatotoxicity models,Determination of Orellanine in Human Biological Matrices Using Liquid Chromatography with High-Resolution Mass Spectrometry Detection: A Validated Method Applied to Suspected Poisoning Cases,Scopus,True,True,35294965,Completed,Human-audited and finalized against the original sentence context.
BMS-0087,PMID_17360003.0,3,"A recent study demonstrated that the functions of RNA polymerase II are disrupted in spinocerebellar ataxia type 1 (SCA 1) pathology, one of the CAG repeat diseases, and that alpha-amanitin can inhibit the activity of RNA polymerase.",2007,Other mushroom-poisoning topics,Nonapoptotic cell death caused by the inhibition of RNA polymerase disrupts organelle distribution.,PubMed,False,True,17360003,Completed,Human-audited and finalized against the original sentence context.
BMS-0088,PMID_25098279.0,8,"No amatoxins or phallotoxins were detected in L. clypeolaria, L. cristata, L. echinacea, or L. magnispora.",2014,Neurological toxicity and encephalopathy,Profiling of amatoxins and phallotoxins in the genus Lepiota by liquid chromatography combined with UV absorbance and mass spectrometry.,PubMed,True,True,25098279,Completed,Human-audited and finalized against the original sentence context.
BMS-0089,PMID_21751026.0,8,"The article describes the isolation of ibotenic acid and muscimol from urine, the derivatization step and the determination of these compounds by gas chromatography/mass spectrometry.",2012,Other mushroom-poisoning topics,GC/MS determination of ibotenic acid and muscimol in the urine of patients intoxicated with Amanita pantherina.,PubMed,True,True,21751026,Completed,Human-audited and finalized against the original sentence context.
BMS-0090,PMID_28905663.0,7,Twenty cases of amatoxin poisoning were recorded (11 Amanita phalloides and 9 Lepiota brunneoincarnata).,2018,Other mushroom-poisoning topics,Epidemiology and clinics of mushroom poisoning in Northern Italy: A 21-year retrospective analysis.,PubMed,False,True,28905663,Completed,Human-audited and finalized against the original sentence context.
BMS-0091,PMID_39634440.0,2,"This study aims to investigate demographic trends, diagnostic locations, and mortality rates of patients with mushroom intoxication.",2024,Other mushroom-poisoning topics,"Mushroom Intoxication in Türkiye: A Nationwide Cohort Study Based on Demographic Trends, Seasonal Variations, and the Impact of Climate Change on Incidence.",PubMed,False,True,39634440,Completed,Human-audited and finalized against the original sentence context.
BMS-0092,PMID_19745584.0,0,Determination of illudin s in omphalotus guepiniformis and foods that caused food poisoning by liquid chromatography with tandem mass spectrometry. .,2009,Other mushroom-poisoning topics,Determination of illudin s in omphalotus guepiniformis and foods that caused food poisoning by liquid chromatography with tandem mass spectrometry,Scopus,True,True,19745584,Completed,Human-audited and finalized against the original sentence context.
BMS-0093,PMID_12811253.0,2,FHF was induced by intraportal administration of alpha-amanitin and lipopolysaccharide.,2003,Toxin detection and biomonitoring,Auxiliary partial orthotopic liver transplantation for fulminant hepatitis: regeneration of the diseased native liver in a pig model.,PubMed,False,True,12811253,Completed,Human-audited and finalized against the original sentence context.
BMS-0094,PMID_25098279.0,7,Phallotoxins were not detected in either species.,2014,Neurological toxicity and encephalopathy,Profiling of amatoxins and phallotoxins in the genus Lepiota by liquid chromatography combined with UV absorbance and mass spectrometry.,PubMed,True,True,25098279,Completed,Human-audited and finalized against the original sentence context.
BMS-0095,PMID_23663194.0,8,Howardula aoronymphium; alpha-amanitin; behaviour; host-parasite interaction; self-medication; zoopharmacognosy,2013,Other mushroom-poisoning topics,No evidence for behavioural adaptations to nematode parasitism by the fly Drosophila putrida.,PubMed,False,True,23663194,Completed,Human-audited and finalized against the original sentence context.
BMS-0096,PMID_19353593.0,9,Inhibition of transcription by alpha-amanitin caused a reduction in CRYM mRNA.,2009,Other mushroom-poisoning topics,Identification of mu-crystallin as an androgen-regulated gene in human prostate cancer.,PubMed,False,True,19353593,Completed,Human-audited and finalized against the original sentence context.
BMS-0097,PMID_40529243.0,0,Preliminary study on the time-correlation changes in brain neurotransmitters of mice exposed to mushroom toxin ibotenic acid..,2025,Other mushroom-poisoning topics,Preliminary study on the time-correlation changes in brain neurotransmitters of mice exposed to mushroom toxin ibotenic acid.,PubMed,True,True,40529243,Completed,Human-audited and finalized against the original sentence context.
BMS-0098,PMID_11330902.0,0,Solid state and solution conformation of [Ala7]-phalloidin: a synthetic phallotoxin analogue..,2001,Other mushroom-poisoning topics,Solid state and solution conformation of [Ala7]-phalloidin: a synthetic phallotoxin analogue.,PubMed,True,True,11330902,Completed,Human-audited and finalized against the original sentence context.
BMS-0099,PMID_31531327.0,14,Arrhythmia; Cardiac arrest; Case report; Mushroom poisoning; Seizure,2019,Other mushroom-poisoning topics,Cardiac arrhythmias and cardiac arrest related to mushroom poisoning: A case report.,PubMed,False,True,31531327,Completed,Human-audited and finalized against the original sentence context.
BMS-0100,PMID_33620242.0,9,"Ability to recognize dogs with α-amanitin toxicosis on the basis of clinical signs, physical examination findings, and clinicopathologic test results is essential because mushroom ingestion is rarely observed and immediate treatment is necessary.",2021,Other mushroom-poisoning topics,"Physical examination, serum biochemical, and coagulation abnormalities, treatments, and outcomes for dogs with toxicosis from α-amanitin-containing mushrooms: 59 cases (2006-2019).",PubMed,False,True,33620242,Completed,Human-audited and finalized against the original sentence context.
BMS-0101,PMID_16564061.0,6,"Secr are ibotenic acid and muscimol, which are rapidly absorbed from the gastrointestinal tract.",2006,Other mushroom-poisoning topics,Panther cap Amanita pantherina poisoning case report and review.,PubMed,True,True,16564061,Completed,Human-audited and finalized against the original sentence context.
BMS-0102,PMID_40529243.0,9,This study offers new insights into the neurotoxic mechanisms of ibotenic acid.. ibotenic acid; metabolomics; neurotoxic mushroom poisoning; neurotransmitters; toxin,2025,Other mushroom-poisoning topics,Preliminary study on the time-correlation changes in brain neurotransmitters of mice exposed to mushroom toxin ibotenic acid.,PubMed,True,True,40529243,Completed,Human-audited and finalized against the original sentence context.
BMS-0103,PMID_35035255.0,11,Agaricales; muscarine; new species; phylogeny; taxonomy,2021,AI and machine-learning classification,Two new Inosperma (Inocybaceae) species with unexpected muscarine contents from tropical China.,PubMed,True,True,35035255,Completed,Human-audited and finalized against the original sentence context.
BMS-0104,PMID_15568815.0,1,RNA polymerase (Pol) II is polyubiquitinated following DNA damage or upon treatment of nuclear extracts with the transcription inhibitor alpha-amanitin.,2004,Other mushroom-poisoning topics,Transcription-dependent polyubiquitination of RNA polymerase II requires lysine 63 of ubiquitin.,PubMed,False,True,15568815,Completed,Human-audited and finalized against the original sentence context.
BMS-0105,PMID_23663194.0,2,"As mushroom-feeding Drosophila can tolerate deadly mycotoxins, but their Howardula nematode parasites cannot, we asked how consuming the potent mycotoxin α-amanitin has affected this host-parasite interaction.",2013,Other mushroom-poisoning topics,No evidence for behavioural adaptations to nematode parasitism by the fly Drosophila putrida.,PubMed,False,True,23663194,Completed,Human-audited and finalized against the original sentence context.
BMS-0106,PMID_19566380.0,10,In this case series of patients who ingested identified muscarine-containing mushrooms supportive treatment and atropine resulted in recovery in all cases..,2009,Other mushroom-poisoning topics,Mushroom poisoning from species of genus Inocybe (fiber head mushroom): a case series with exact species identification.,PubMed,True,True,19566380,Completed,Human-audited and finalized against the original sentence context.
BMS-0107,PMID_33676852.0,8,Medium cut-off membrane hemodialysis may be an alternative option in the treatment of Amanita phalloides poisoning.. acute kidney injury; dialyser; extracorporeal treatment; hemodialysis; intoxication; mushroom poisoning,2021,Other mushroom-poisoning topics,Medium Cut-Off Membrane Can Be a New Treatment Tool in Amanita phalloides Poisoning.,PubMed,False,True,33676852,Completed,Human-audited and finalized against the original sentence context.
BMS-0108,PMID_36370202.0,7,Amatoxin;,2023,Other mushroom-poisoning topics,Target recognition assisted-primer exchange reaction (Ta-PER) for sensitive analysis of p53 gene and its application in analyzing amatoxin-treated samples.,PubMed,False,True,36370202,Completed,Human-audited and finalized against the original sentence context.
BMS-0109,PMID_34080326.0,12,"The analytes α- and β-amanitin, muscarine, muscimol, and ibotenic acid could be successfully identified.",2021,Other mushroom-poisoning topics,Further development of a liquid chromatography-high-resolution mass spectrometry/mass spectrometry-based strategy for analyzing eight biomarkers in human urine indicating toxic mushroom or Ricinus communis ingestions.,PubMed,True,True,34080326,Completed,Human-audited and finalized against the original sentence context.
BMS-0110,PMID_40314120.0,10,Detection limits were redefined ranging from 1 ng/mL (α- and γ-amanitin) to 3 ng/mL (β-amanitin).,2025,Other mushroom-poisoning topics,Lateral flow immunoassay for amatoxins detection in human urine compared to liquid chromatography-high-resolution tandem mass spectrometry.,PubMed,False,True,40314120,Completed,Human-audited and finalized against the original sentence context.
BMS-0111,PMID_39260920.0,15,Aptamer; AuNPs; Electrochemical aptasensor; Label-free SELEX; ɑ-amanit; β-amanitin,2024,Other mushroom-poisoning topics,Label-free SELEX of aptamers for ultra-sensitive electrochemical aptasensor detection of amanitin in wild mushrooms.,PubMed,False,True,39260920,Completed,Human-audited and finalized against the original sentence context.
BMS-0112,PMID_10948380.0,11,"Treatment with silymarin, thioctic acid, penicillin and liver transplantation have been shown to be effective but require early diagnosis.",2000,Other mushroom-poisoning topics,Hepatotoxicity of botanicals.,PubMed,False,False,10948380,Completed,Human-audited and finalized against the original sentence context.
BMS-0113,PMID_24695618.0,4,"We suggest that toxin entry blockage through the cuticle, phase I and II detoxification, sequestration in lipid particles, and proteolytic cleavage of α-amanitin contribute in concert to this quantitative trait.",2014,Other mushroom-poisoning topics,The mechanisms underlying α-amanitin resistance in Drosophila melanogaster: a microarray analysis.,PubMed,False,True,24695618,Completed,Human-audited and finalized against the original sentence context.
BMS-0114,PMID_26837055.0,2,We aimed to determine the 21-day survival associated with amatoxin-induced ALI (A-ALI) and ALF (A-ALF) and review use of targeted therapies.,2016,Other mushroom-poisoning topics,Acute liver injury and acute liver failure from mushroom poisoning in North America.,PubMed,False,True,26837055,Completed,Human-audited and finalized against the original sentence context.
BMS-0115,PMID_40423329.0,3,"The toxins responsible for poisoning are amatoxins, aminohexadienoic acid, ibotenic acid, muscimol and muscarines, which damage the liver, kidney, central nervous system and parasympathetic nervous system.",2025,Neurological toxicity and encephalopathy,Toxin Profiling of Amanita citrina and A. sinocitrina : First Report of Buiotenine Detection.,PubMed,True,True,40423329,Completed,Human-audited and finalized against the original sentence context.
BMS-0116,PMID_35175747.0,13,This research provides a theoretical basis for the study of the toxicological mechanism of α-amanitin-induced liver injuries..,2022,Amanita and amatoxin poisoning,Autophagy Promotes α-Amanitin-Induced Apoptosis of Hepa1-6 Liver Cells.,PubMed,False,True,35175747,Completed,Human-audited and finalized against the original sentence context.
BMS-0117,PMID_33250482.0,7,These data suggested that α-amanitin showed anti-FIV activity by inhibiting the RNA transcription level.. amanitin; anti-retroviral drug; feline immunodeficiency virus (FIV); therapy,2021,Other mushroom-poisoning topics,Transcriptional inhibition of feline immunodeficiency virus by alpha-amanitin.,PubMed,False,True,33250482,Completed,Human-audited and finalized against the original sentence context.
BMS-0118,PMID_31993970.0,0,Trichothecene and tremulane sesquiterpenes from a hallucinogenic mushroom Gymnopilus junonius and their cytotoxicity..,2020,Other mushroom-poisoning topics,Trichothecene and tremulane sesquiterpenes from a hallucinogenic mushroom Gymnopilus junonius and their cytotoxicity.,PubMed,False,True,31993970,Completed,Human-audited and finalized against the original sentence context.
BMS-0119,PMID_35056853.0,3,Most of the commonly used detection techniques for α-amanitin require expensive instruments.,2022,Other mushroom-poisoning topics,Utilizing the DNA Aptamer to Determine Lethal α-Amanitin in Mushroom Samples and Urine by Magnetic Bead-ELISA (MELISA).,PubMed,False,True,35056853,Completed,Human-audited and finalized against the original sentence context.
BMS-0120,PMID_34240228.0,9,Lateral flow assay; Monoclonal antibody; Mushroom poisoning; Phallotoxins; Urine,2021,Other mushroom-poisoning topics,Production of highly sensitive monoclonal antibody and development of lateral flow assays for phallotoxin detection in urine.,PubMed,True,True,34240228,Completed,Human-audited and finalized against the original sentence context.
BMS-0121,PMID_38810334.0,2,Reversal of advanced ALF and complete clinical recovery can be achieved following definitive removal of accumulated amatoxin laden bile from the gallbladder.,2024,Other mushroom-poisoning topics,Amanitin determination in bile samples by UHPLC-MS: LR-MS and HR-MS analytical performance.,PubMed,False,True,38810334,Completed,Human-audited and finalized against the original sentence context.
BMS-0122,PMID_24139877.0,18,"With this study, the amatoxin and phallotoxin concentrations in A. phalloides var.",2013,Neurological toxicity and encephalopathy,Amanitin and phallotoxin concentration in Amanita phalloides var. alba mushroom.,PubMed,True,True,24139877,Completed,Human-audited and finalized against the original sentence context.
BMS-0123,PMID_36271256.0,4,"In addition, α-amanitin acts in vivo through the enterohepatic circulation and transport system.",2023,Other mushroom-poisoning topics,Mechanism and treatment of α-amanitin poisoning.,PubMed,False,True,36271256,Completed,Human-audited and finalized against the original sentence context.
BMS-0124,PMID_17503263.0,1,"Fatalities due to mushroom poisonings are increasing worldwide, with more than 90% of deaths resulting from ingestion of amatoxin-containing species.",2007,Outbreaks and epidemiology,Amatoxin poisoning: a 15-year retrospective analysis and follow-up evaluation of 105 patients.,PubMed,False,True,17503263,Completed,Human-audited and finalized against the original sentence context.
BMS-0125,PMID_17192123.0,4,"The syndrome induced by Amanita smithiana/proxima consists of acute tubulopathy, which appears earlier and does not have the same poor prognosis as the orellanine-induced syndrome.",2006,Other mushroom-poisoning topics,New syndromes in mushroom poisoning.,PubMed,True,True,17192123,Completed,Human-audited and finalized against the original sentence context.
BMS-0126,PMID_38162005.0,1,Mushroom (amatoxin) poisoning from ingestion is a rare but life-threatening medical emergency characterized by gastrointestinal symptoms before progression to multisystem organ failure in severe cases.,2024,Outbreaks and epidemiology,Amanita Mushroom Toxin Poisoning in Los Angeles County.,PubMed,False,True,38162005,Completed,Human-audited and finalized against the original sentence context.
BMS-0127,PMID_36150415.0,15,The omission of PNC from the treatment protocol significantly worsens patients' prognosis.. Amanita phalloides poisoning; Examination of amanitins in blood and urine; Result of amanita poisoning treatment,2022,Outbreaks and epidemiology,Results of diagnostics and treatment of amanita phalloides poisoning in Slovakia (2004-2020).,PubMed,False,True,36150415,Completed,Human-audited and finalized against the original sentence context.
BMS-0128,PMID_35869756.0,5,An early diagnosis helps to guide early treatment decisions in this frequently fatal toxicosis.. amatoxins; canine; detection; mushroom poisoning; treatment,2022,Other mushroom-poisoning topics,Early diagnosis of amanitin exposure (amatoxicosis) in a dog with a point-of-care diagnostic test.,PubMed,False,True,35869756,Completed,Human-audited and finalized against the original sentence context.
BMS-0129,PMID_39882097.0,5,"Mushrooms can be categorized according to their toxins, such as cyclopeptides, gyromitrin, muscarine, coprine, orellanine, psilocybin, and GI irritants.",2025,Other mushroom-poisoning topics,Mushroom poisoning: An updated review.,PubMed,True,True,39882097,Completed,Human-audited and finalized against the original sentence context.
BMS-0130,DOI_10.1016_j.microc.2025.115447,0,A portable CuNPs-based nanozyme strip for on-site detection of α-amanitin in wild mushrooms. .,2025,Other mushroom-poisoning topics,A portable CuNPs-based nanozyme strip for on-site detection of α-amanitin in wild mushrooms,Scopus,False,True,10,Completed,Human-audited and finalized against the original sentence context.
BMS-0131,PMID_22555054.0,3,Identification of amatoxin poisoning can prove to be difficult due to delay in onset of symptoms and difficulty with identification of mushrooms.,2013,Outbreaks and epidemiology,Amatoxin poisoning: case reports and review of current therapies.,PubMed,False,True,22555054,Completed,Human-audited and finalized against the original sentence context.
BMS-0132,PMID_35056853.0,8,"The α-amanitin and aptamer recognition sites and binding pockets were investigated in an in vitro molecular docking environment, and the main binding bases of both were T3, G4, C5, T6, T7, C67, and A68.",2022,Other mushroom-poisoning topics,Utilizing the DNA Aptamer to Determine Lethal α-Amanitin in Mushroom Samples and Urine by Magnetic Bead-ELISA (MELISA).,PubMed,False,True,35056853,Completed,Human-audited and finalized against the original sentence context.
BMS-0133,PMID_39919939.0,2,"Of these, less than 1% of annual exposures can be attributed to cyclopeptide-containing mushrooms, amatoxins, and phallotoxins, with improved outcomes with early recognition.",2025,Outbreaks and epidemiology,The Family and the Fungi: A Case Series Depicting Toxic Mushroom Ingestion Affecting a Family of Eight.,PubMed,True,True,39919939,Completed,Human-audited and finalized against the original sentence context.
BMS-0134,PMID_39045520.0,5,"Mechanical support using Impella CP, veno-arterial extracorporeal membranous oxygenation (VA-ECMO), and continuous haemodiafiltration were administered for cardiogenic shock and severe rhabdomyolysis.",2024,Other mushroom-poisoning topics,Mushroom poisoning with cardiogenic shock caused by Russula subnigricans successfully treated with mechanical circulatory support devices: a case report.,PubMed,False,False,39045520,Completed,Human-audited and finalized against the original sentence context.
BMS-0135,PMID_40948398.0,11,Hallucinations; P. keralensis; Psilocybe keralensis; Psilocybe spp.; mushroom poisoning; myocardial injury; psilocybin,2025,Other mushroom-poisoning topics,Dynamic myocardial injury and variable hallucination latency in Psilocybe keralensis poisoning: a molecularly confirmed case series from China.,PubMed,True,True,40948398,Completed,Human-audited and finalized against the original sentence context.
BMS-0136,PMID_29341897.0,14,Enhanced excretion of amatoxins in urine could be effective within 2 days after ingestion of A. exitialis because amatoxins in 0-2 d urine accounted for more than 90% of the total urine excretion.. A. exitialis; Amatoxin; Beagles; Toxicity; Toxicokinetics,2018,Other mushroom-poisoning topics,Toxicity and toxicokinetics of Amanita exitialis in beagle dogs.,PubMed,False,True,29341897,Completed,Human-audited and finalized against the original sentence context.
BMS-0137,PMID_15358152.0,5,Treatment of cells with alpha-amanitin induced the formation of actin bundle network in the nucleoplasm.,2004,Shiitake dermatitis,Actin is closely associated with RNA polymerase II and involved in activation of gene transcription.,PubMed,False,True,15358152,Completed,Human-audited and finalized against the original sentence context.
BMS-0138,PMID_18067542.0,6,This transcription is carried out by an RNA polymerase with alpha-amanitin sensitivity reminiscent of SL RNA synthesis and is dependent on the SL RNA promoter.,2008,Other mushroom-poisoning topics,Genomic rearrangements and transcriptional analysis of the spliced leader-associated retrotransposon in RNA interference-deficient Trypanosoma brucei.,PubMed,False,True,18067542,Completed,Human-audited and finalized against the original sentence context.
BMS-0139,PMID_35504407.0,1,Mushroom poisoning is a worldwide public health problem that may cause serious toxic consequences on renal functions.,2022,Experimental hepatotoxicity models,Evaluation of orellanine-induced toxicity from the mushroom Cortinarius orellanus and the antagonistic effect of Petroselinum crispum.,PubMed,False,True,35504407,Completed,Human-audited and finalized against the original sentence context.
BMS-0140,PMID_25141329.0,0,Acute liver failure; what is different in Turkey and some remarks. .,2014,Toxin detection and biomonitoring,Acute liver failure; what is different in Turkey and some remarks,Scopus,False,False,25141329,Completed,Human-audited and finalized against the original sentence context.
BMS-0141,PMID_33023182.0,10,Tricholoma equestre; edible mushrooms; mushroom poisoning; mutagenicity; rhabdomyolysis,2020,Other mushroom-poisoning topics,Toxic Potential of Traditionally Consumed Mushroom Species-A Controversial Continuum with Many Unanswered Questions.,PubMed,False,True,33023182,Completed,Human-audited and finalized against the original sentence context.
BMS-0142,PMID_16573619.0,0,Fulminant liver failure secondary to mushroom poisoning in children: importance of early referral to a liver transplantation unit..,2006,Other mushroom-poisoning topics,Fulminant liver failure secondary to mushroom poisoning in children: importance of early referral to a liver transplantation unit.,PubMed,False,True,16573619,Completed,Human-audited and finalized against the original sentence context.
BMS-0143,PMID_26091874.0,2,"In the present case report, an unusual multiple poisoning with isoxazoles- and amatoxins-containing mushrooms in a context of altered mental state and poorly controlled hypertension is presented.",2015,Outbreaks and epidemiology,Co-ingestion of amatoxins and isoxazoles-containing mushrooms and successful treatment: A case report.,PubMed,False,True,26091874,Completed,Human-audited and finalized against the original sentence context.
BMS-0144,PMID_17459866.0,7,"Microscopically, the liver showed panlobular coagulative necrosis of hepatocytes.",2007,Other mushroom-poisoning topics,Diagnosis of Amanita toxicosis in a dog with acute hepatic necrosis.,PubMed,False,False,17459866,Completed,Human-audited and finalized against the original sentence context.
BMS-0145,PMID_17195114.0,0,Tolerance of Drosophila flies to ibotenic acid poisons in mushrooms. .,2007,Other mushroom-poisoning topics,Tolerance of Drosophila flies to ibotenic acid poisons in mushrooms,Scopus,True,True,17195114,Completed,Human-audited and finalized against the original sentence context.
BMS-0146,PMID_25901683.0,11,Here we show that low doses of α-amanitin-conjugated anti-epithelial cell adhesion molecule (EpCAM) antibody lead to complete tumour regression in mouse models of human colorectal cancer with hemizygous deletion of POLR2A.,2015,Other mushroom-poisoning topics,TP53 loss creates therapeutic vulnerability in colorectal cancer.,PubMed,False,True,25901683,Completed,Human-audited and finalized against the original sentence context.
BMS-0147,PMID_17336461.0,7,Having in mind some exogenic compounds including natural toxins can induce increased production of reactive oxygen species (ROS) we suggested similar generation of ROS provoked by alpha amanitin.,2007,Amanita and amatoxin poisoning,Free radical reactions might contribute to severe alpha amanitin hepatotoxicity--a hypothesis.,PubMed,False,True,17336461,Completed,Human-audited and finalized against the original sentence context.
BMS-0148,PMID_26915341.0,2,Cortinarius orellanus and Cortinarius rubellus are the major orellanine-containing mushrooms.,2016,Experimental hepatotoxicity models,A novel orellanine containing mushroom Cortinarius armillatus.,PubMed,True,True,26915341,Completed,Human-audited and finalized against the original sentence context.
BMS-0149,PMID_16520846.0,3,A 54-year-old man and his 52-year-old wife presented with acute anuric renal failure 1 day after ingesting some white mushrooms they had collected when mountain climbing; they made a full recovery following hemodialysis and supportive treatment.,2006,Outbreaks and epidemiology,Acute renal failure caused by mushroom poisoning.,PubMed,False,True,16520846,Completed,Human-audited and finalized against the original sentence context.
BMS-0150,PMID_24986358.0,2,The effects of mushroom poisoning on cardiac functions have not been known well.,2014,Other mushroom-poisoning topics,Temporary left ventricular dysfunction in mushroom poisoning: report of three cases.,PubMed,False,True,24986358,Completed,Human-audited and finalized against the original sentence context.
