benchmark_sentence_id,system,text,type,start,end,canonical
BMS-0001,PubTator3,renal damage,DISEASE,13,25,MESH:D007674
BMS-0001,PubTator3,mushroom poisoning,SPECIES,42,60,mushroom poisoning
BMS-0002,PubTator3,A. albolimbata,SPECIES,167,181,2779467
BMS-0002,PubTator3,alpha-amanitin,CHEMICAL,124,134,MESH:D053959
BMS-0002,PubTator3,beta-amanitin,CHEMICAL,136,146,MESH:C049197
BMS-0002,PubTator3,phallacidin,CHEMICAL,152,163,MESH:C017613
BMS-0003,PubTator3,Phalloidin,CHEMICAL,36,46,MESH:D010590
BMS-0003,PubTator3,ATP,CHEMICAL,33,37,MESH:D000255
BMS-0004,PubTator3,mushroom poisoning,DISEASE,77,95,MESH:D009145
BMS-0005,PubTator3,Silymarin,CHEMICAL,9,18,MESH:D012838
BMS-0005,PubTator3,Vitamin E,CHEMICAL,23,32,MESH:D014810
BMS-0005,PubTator3,Silver Nanoparticle,CHEMICAL,55,74,MESH:C586932
BMS-0005,PubTator3,Toxicity,DISEASE,75,83,MESH:D064420
BMS-0005,PubTator3,Mice,SPECIES,87,91,10090
BMS-0005,PubTator3,silver,CHEMICAL,55,61,MESH:D012834
BMS-0006,PubTator3,GA,CHEMICAL,24,26,-
BMS-0007,PubTator3,α-amanitin,CHEMICAL,39,49,MESH:D053959
BMS-0007,PubTator3,Poisoning,DISEASE,0,9,MESH:D011041
BMS-0007,PubTator3,mushroom,SPECIES,24,32,5341
BMS-0008,PubTator3,amatoxins,CHEMICAL,4,13,MESH:C018207
BMS-0008,PubTator3,amatoxin,CHEMICAL,4,12,MESH:C018207
BMS-0009,PubTator3,Amanita virosa,DISEASE,25,39,Amanita virosa
BMS-0009,PubTator3,Amanita,SPECIES,25,32,41955
BMS-0010,PubTator3,alpha-amanitin,CHEMICAL,204,218,MESH:D053959
BMS-0010,PubTator3,TFIIS,GENE_PROTEIN,279,284,6919
BMS-0011,PubTator3,alpha-amanitin,CHEMICAL,119,133,MESH:D053959
BMS-0011,PubTator3,aucubin,CHEMICAL,94,101,MESH:C006650
BMS-0011,PubTator3,rat,SPECIES,148,151,10116
BMS-0011,PubTator3,Hep G2,CELL_LINE,63,69,CVCL:0027
BMS-0012,PubTator3,Human,SPECIES,0,5,9606
BMS-0012,PubTator3,orellanine,CHEMICAL,37,47,MESH:C030076
BMS-0013,PubTator3,psilocybin,CHEMICAL,38,48,MESH:D011562
BMS-0014,PubTator3,amatoxin,CHEMICAL,127,135,MESH:C018207
BMS-0014,PubTator3,phallotoxin,CHEMICAL,140,151,MESH:C018358
BMS-0015,PubTator3,mushroom,SPECIES,41,49,5341
BMS-0015,PubTator3,Psilocybin,CHEMICAL,0,10,MESH:D011562
BMS-0015,PubTator3,psilocin,CHEMICAL,15,23,MESH:C009105
BMS-0016,PubTator3,acute kidney injury,DISEASE,66,85,MESH:D058186
BMS-0016,PubTator3,poisoning,DISEASE,21,30,MESH:D011041
BMS-0016,PubTator3,mushroom,SPECIES,12,20,5341
BMS-0016,PubTator3,Nephrotoxic mushroom poisoning,DISEASE,0,30,MESH:D009145
BMS-0017,PubTator3,phalloidin,CHEMICAL,69,79,MESH:D010590
BMS-0018,PubTator3,Nicotinic acid,CHEMICAL,0,14,MESH:D009525
BMS-0018,PubTator3,erythromelalgia,DISEASE,18,33,MESH:D004916
BMS-0018,PubTator3,Clitocybe acromelalga intoxication,DISEASE,50,84,MESH:D000435
BMS-0019,PubTator3,glucose,CHEMICAL,218,225,MESH:D005947
BMS-0019,PubTator3,alpha-amanitin,CHEMICAL,158,168,MESH:D053959
BMS-0019,PubTator3,thapsigargin,CHEMICAL,230,242,MESH:D019284
BMS-0020,PubTator3,poisoning,DISEASE,54,63,MESH:D011041
BMS-0020,PubTator3,Amanita phalloides,SPECIES,35,53,67723
BMS-0021,PubTator3,Amanita,SPECIES,0,7,41955
BMS-0021,PubTator3,Amanita phalloides,SPECIES,0,18,67723
BMS-0021,PubTator3,phallotoxin,CHEMICAL,51,62,MESH:C018358
BMS-0022,PubTator3,alpha-amanitin,CHEMICAL,67,81,MESH:D053959
BMS-0024,PubTator3,Acute liver injury,DISEASE,0,18,MESH:D017114
BMS-0024,PubTator3,acute liver failure,DISEASE,20,39,MESH:D017114
BMS-0024,PubTator3,acute on chronic liver failure,DISEASE,44,74,MESH:D065290
BMS-0024,PubTator3,poisoning,DISEASE,99,108,MESH:D011041
BMS-0024,PubTator3,Gyromitra esculenta,SPECIES,116,135,33161
BMS-0024,PubTator3,liver failure,DISEASE,26,39,MESH:D017093
BMS-0025,PubTator3,Selenoprotein W,GENE_PROTEIN,19,34,25545
BMS-0025,PubTator3,selenium,CHEMICAL,240,248,MESH:D012643
BMS-0025,PubTator3,alpha-amanitin,CHEMICAL,105,119,MESH:D053959
BMS-0026,PubTator3,creatinine,CHEMICAL,63,73,MESH:D003404
BMS-0026,PubTator3,potassium,CHEMICAL,52,61,MESH:D011188
BMS-0027,PubTator3,Nephrotoxicity,DISEASE,0,14,Nephrotoxicity
BMS-0028,PubTator3,renal damage,DISEASE,116,128,MESH:D007674
BMS-0029,PubTator3,phallotoxins,CHEMICAL,0,12,MESH:C018358
BMS-0030,PubTator3,Amatoxins,CHEMICAL,0,9,MESH:C018207
BMS-0030,PubTator3,Amanita,SPECIES,82,89,67723
BMS-0030,PubTator3,phallotoxins,CHEMICAL,37,49,MESH:C018358
BMS-0030,PubTator3,Amanita bisporigera,SPECIES,82,101,87325
BMS-0030,PubTator3,Amanita phalloides,SPECIES,103,121,67723
BMS-0030,PubTator3,Amanita ocreata,SPECIES,127,142,235532
BMS-0031,PubTator3,Hepatotoxic,DISEASE,162,173,Hepatotoxic
BMS-0031,PubTator3,Neurotoxic,DISEASE,200,210,MESH:D020258
BMS-0031,PubTator3,Mushrooms,SPECIES,174,183,5341
BMS-0031,PubTator3,liver failure,DISEASE,185,198,MESH:D017093
BMS-0031,PubTator3,gastrointestinal irritation,DISEASE,133,160,MESH:D005767
BMS-0031,PubTator3,amanita,DISEASE,113,120,amanita
BMS-0031,PubTator3,amanitins,CHEMICAL,122,131,MESH:D000546
BMS-0031,PubTator3,psilocin,CHEMICAL,92,100,MESH:C009105
BMS-0031,PubTator3,amanitin,CHEMICAL,79,87,MESH:D000546
BMS-0032,PubTator3,Gyromitra infula,SPECIES,0,16,273506
BMS-0032,PubTator3,mushroom,SPECIES,39,47,5341
BMS-0032,PubTator3,gyromitrin toxin,CHEMICAL,58,74,-
BMS-0032,PubTator3,neurotoxicity,DISEASE,103,116,MESH:D020258
BMS-0032,PubTator3,hemolytic disease,DISEASE,121,138,MESH:D004194
BMS-0033,PubTator3,"4,5-Dihydroxyisoleucine",CHEMICAL,28,51,-
BMS-0033,PubTator3,alpha-Amanitin,CHEMICAL,64,74,MESH:D053959
BMS-0034,PubTator3,gyromitrin,CHEMICAL,37,47,MESH:C005666
BMS-0035,PubTator3,amatoxins,CHEMICAL,60,69,MESH:C018207
BMS-0035,PubTator3,phallotoxins,CHEMICAL,74,86,MESH:C018358
BMS-0037,PubTator3,Wild mushroom poisoning,DISEASE,0,23,MESH:D009145
BMS-0037,PubTator3,amatoxin,CHEMICAL,41,49,MESH:C018207
BMS-0037,PubTator3,mushrooms,SPECIES,61,70,5341
BMS-0037,PubTator3,mushroom poisoning,DISEASE,5,23,MESH:D009145
BMS-0040,PubTator3,phallotoxin,CHEMICAL,36,47,MESH:C018358
BMS-0040,PubTator3,Amanita phalloides,SPECIES,0,18,67723
BMS-0041,PubTator3,Meyeroguilline E,CHEMICAL,0,16,-
BMS-0041,PubTator3,Isoindolinone Alkaloid,CHEMICAL,24,46,-
BMS-0041,PubTator3,Multidrug Resistance,DISEASE,139,159,MESH:D018088
BMS-0041,PubTator3,MDR,DISEASE,161,164,MESH:D018088
BMS-0041,PubTator3,isoindolinone,CHEMICAL,24,37,MESH:C037432
BMS-0041,PubTator3,alkaloid,CHEMICAL,38,46,MESH:D000470
BMS-0041,PubTator3,Chlorophyllum molybdites,SPECIES,75,99,34430
BMS-0042,PubTator3,PA,CHEMICAL,5,7,MESH:D010712
BMS-0042,PubTator3,DGK-theta,GENE_PROTEIN,36,45,1609
BMS-0042,PubTator3,alpha-amanitin,CHEMICAL,123,137,MESH:D053959
BMS-0043,PubTator3,tumour,DISEASE,5,11,MESH:D009369
BMS-0043,PubTator3,illudin S,CHEMICAL,22,31,MESH:C008105
BMS-0043,PubTator3,Irofulven,CHEMICAL,36,45,MESH:C102714
BMS-0043,PubTator3,illudin,CHEMICAL,22,29,MESH:C008105
BMS-0044,PubTator3,Amanita,SPECIES,23,30,87325
BMS-0044,PubTator3,amatoxins,CHEMICAL,48,57,MESH:C018207
BMS-0044,PubTator3,phallotoxins,CHEMICAL,62,74,MESH:C018358
BMS-0044,PubTator3,Amanita bisporigera,SPECIES,23,42,87325
BMS-0045,PubTator3,ibotenic acid,CHEMICAL,0,13,MESH:D007051
BMS-0045,PubTator3,muscimol,CHEMICAL,18,26,MESH:D009118
BMS-0045,PubTator3,Amanita pantherina,SPECIES,97,115,67721
BMS-0045,PubTator3,Amanita muscaria,SPECIES,120,136,41956
BMS-0046,PubTator3,alpha -amanitin,CHEMICAL,18,28,MESH:D053959
BMS-0047,PubTator3,silibinin,CHEMICAL,71,80,MESH:D000077385
BMS-0047,PubTator3,silymarin,CHEMICAL,81,90,MESH:D012838
BMS-0048,PubTator3,Myotoxic Mushroom Poisoning,DISEASE,0,27,MESH:D009145
BMS-0048,PubTator3,Poison,DISEASE,18,24,MESH:D011041
BMS-0048,PubTator3,mortality,DISEASE,39,48,MESH:D003643
BMS-0048,PubTator3,mushroom,SPECIES,9,17,5341
BMS-0049,PubTator3,mushroom,SPECIES,56,64,5341
BMS-0049,PubTator3,A. exitialis,SPECIES,76,88,A. exitialis
BMS-0049,PubTator3,amatoxin,CHEMICAL,4,12,MESH:C018207
BMS-0050,PubTator3,illudin S,CHEMICAL,35,44,MESH:C008105
BMS-0050,PubTator3,neoilludins A-B,CHEMICAL,46,61,-
BMS-0050,PubTator3,5-hydroxydichomitol,CHEMICAL,63,82,-
BMS-0050,PubTator3,ergosterolperoxide,CHEMICAL,84,102,MESH:C036071
BMS-0050,PubTator3,"3beta,5alpha,9alpha-trihydroxyergosta-7,22-diene-6-one",CHEMICAL,108,151,-
BMS-0051,PubTator3,Mushroom Poisoning,DISEASE,0,18,MESH:D009145
BMS-0051,PubTator3,acute liver injury,DISEASE,33,51,MESH:D017114
BMS-0051,PubTator3,mushroom,SPECIES,0,8,5341
BMS-0052,PubTator3,Death-Cap Mushroom,SPECIES,17,35,Death-Cap Mushroom
BMS-0052,PubTator3,alpha-Amanitin,CHEMICAL,42,52,MESH:D053959
BMS-0052,PubTator3,bicyclic octapeptide,CHEMICAL,88,108,-
BMS-0052,PubTator3,Amanita phalloides,SPECIES,147,165,67723
BMS-0053,PubTator3,alpha-amanitin,CHEMICAL,0,14,MESH:D053959
BMS-0053,PubTator3,alpha-AMA,CHEMICAL,0,9,MESH:D053959
BMS-0053,PubTator3,hepatotoxicity,DISEASE,103,117,hepatotoxicity
BMS-0053,PubTator3,nephrotoxicity,DISEASE,122,136,nephrotoxicity
BMS-0053,PubTator3,toxicity,DISEASE,109,117,MESH:D064420
BMS-0054,PubTator3,phallotoxins,CHEMICAL,220,232,MESH:C018358
BMS-0054,PubTator3,amatoxins,CHEMICAL,157,166,MESH:C018207
BMS-0054,PubTator3,phalloidin,CHEMICAL,208,218,MESH:D010590
BMS-0055,PubTator3,Mushroom Poisoning,DISEASE,156,174,MESH:D009145
BMS-0055,PubTator3,Acute Liver Failure,DISEASE,129,148,MESH:D017114
BMS-0055,PubTator3,patient,SPECIES,13,20,9606
BMS-0055,PubTator3,gastroenteritis,DISEASE,26,41,MESH:D005759
BMS-0055,PubTator3,mushroom,SPECIES,60,68,5341
BMS-0056,PubTator3,alpha-amanitin,CHEMICAL,74,84,MESH:D053959
BMS-0056,PubTator3,Pro,CHEMICAL,40,43,MESH:D011392
BMS-0057,PubTator3,ibotenic acid,CHEMICAL,0,13,MESH:D007051
BMS-0057,PubTator3,neurotoxic,DISEASE,136,146,MESH:D020258
BMS-0057,PubTator3,poisoning,DISEASE,83,92,MESH:D011041
BMS-0057,PubTator3,neurotoxicity,DISEASE,136,149,MESH:D020258
BMS-0058,PubTator3,Amatoxin,CHEMICAL,12,20,MESH:C018207
BMS-0058,PubTator3,phallotoxin,CHEMICAL,26,37,MESH:C018358
BMS-0058,PubTator3,amatoxins,CHEMICAL,12,21,MESH:C018207
BMS-0058,PubTator3,phallotoxins,CHEMICAL,26,38,MESH:C018358
BMS-0058,PubTator3,Amanita,SPECIES,87,94,87325
BMS-0058,PubTator3,Amanitas,SPECIES,160,168,87325
BMS-0059,PubTator3,amatoxins,CHEMICAL,0,9,MESH:C018207
BMS-0059,PubTator3,phallotoxins,CHEMICAL,17,29,MESH:C018358
BMS-0060,PubTator3,Ago2,GENE_PROTEIN,103,107,27161
BMS-0060,PubTator3,Actinomycin D,CHEMICAL,188,201,MESH:D003609
BMS-0060,PubTator3,alpha-Amanitin,CHEMICAL,205,215,MESH:D053959
BMS-0061,PubTator3,snake bite,DISEASE,149,159,MESH:D012909
BMS-0061,PubTator3,ill,DISEASE,117,120,MESH:D002908
BMS-0061,PubTator3,patients,SPECIES,121,129,9606
BMS-0061,PubTator3,poisoning,DISEASE,135,144,MESH:D011041
BMS-0061,PubTator3,snake bite injuries,DISEASE,149,168,MESH:D012909
BMS-0061,PubTator3,patient,SPECIES,121,128,9606
BMS-0062,PubTator3,poisoning,DISEASE,47,56,MESH:D011041
BMS-0062,PubTator3,muscarine,CHEMICAL,59,68,MESH:D009116
BMS-0062,PubTator3,poisonings,DISEASE,47,57,MESH:D011041
BMS-0062,PubTator3,neurological damage,DISEASE,96,115,MESH:D020196
BMS-0063,PubTator3,amanitin,CHEMICAL,190,198,MESH:D000546
BMS-0063,PubTator3,Amanita,SPECIES,74,81,41955
BMS-0063,PubTator3,Galerina,SPECIES,86,94,109632
BMS-0063,PubTator3,alpha-amanitin,CHEMICAL,188,198,MESH:D053959
BMS-0064,PubTator3,Burst,DISEASE,100,105,MESH:C562695
BMS-0064,PubTator3,Amanita pantherina,SPECIES,128,146,67721
BMS-0064,PubTator3,Amanita pantherina,DISEASE,128,146,Amanita pantherina
BMS-0064,PubTator3,ibotenic acid,CHEMICAL,182,195,MESH:D007051
BMS-0064,PubTator3,muscimol,CHEMICAL,197,205,MESH:D009118
BMS-0065,PubTator3,alpha-amanitin,CHEMICAL,74,84,MESH:D053959
BMS-0065,PubTator3,rat,SPECIES,52,55,10116
BMS-0066,PubTator3,orellanine,CHEMICAL,59,69,MESH:C030076
BMS-0066,PubTator3,Cortinarius mushroom,SPECIES,30,50,Cortinarius mushroom
BMS-0067,PubTator3,alpha-amanitin,CHEMICAL,13,23,MESH:D053959
BMS-0067,PubTator3,human,SPECIES,132,137,9606
BMS-0068,PubTator3,Acromelic Acids A and B.,CHEMICAL,29,53,-
BMS-0069,PubTator3,phallotoxins,CHEMICAL,75,87,MESH:C018358
BMS-0070,PubTator3,alpha-amanitin,CHEMICAL,0,14,MESH:D053959
BMS-0071,PubTator3,mafosfamide,CHEMICAL,0,11,MESH:C048341
BMS-0072,PubTator3,alpha-amanitin,CHEMICAL,148,162,MESH:D053959
BMS-0072,PubTator3,psilocin,CHEMICAL,189,197,MESH:C009105
BMS-0072,PubTator3,indole,CHEMICAL,131,137,MESH:C030374
BMS-0072,PubTator3,5-hydroxytryptamine,CHEMICAL,245,264,MESH:D012701
BMS-0072,PubTator3,"5-methoxy-N,N-dimethyltryptamine",CHEMICAL,298,330,MESH:D008732
BMS-0072,PubTator3,water,CHEMICAL,405,410,MESH:D014867
BMS-0072,PubTator3,methanol,CHEMICAL,415,423,MESH:D000432
BMS-0072,PubTator3,tryptamine,CHEMICAL,254,264,MESH:C030820
BMS-0073,PubTator3,patients,SPECIES,18,26,9606
BMS-0073,PubTator3,ALF,DISEASE,46,49,MESH:D017114
BMS-0073,PubTator3,acetaminophen,CHEMICAL,96,109,MESH:D000082
BMS-0073,PubTator3,toxicity,DISEASE,110,118,MESH:D064420
BMS-0073,PubTator3,patient,SPECIES,18,25,9606
BMS-0073,PubTator3,liver injury,DISEASE,76,88,MESH:D017093
BMS-0074,PubTator3,mushroom,DISEASE,157,165,MESH:D009145
BMS-0074,PubTator3,intoxication,DISEASE,166,178,MESH:D000435
BMS-0074,PubTator3,mushroom,SPECIES,157,165,5341
BMS-0076,PubTator3,Amatoxin,CHEMICAL,77,85,MESH:C018207
BMS-0076,PubTator3,poisoning,DISEASE,86,95,MESH:D011041
BMS-0076,PubTator3,N-acetylcysteine,CHEMICAL,35,51,MESH:D000111
BMS-0076,PubTator3,NAC,CHEMICAL,53,56,MESH:D000111
BMS-0077,PubTator3,amatoxin,CHEMICAL,0,8,MESH:C018207
BMS-0077,PubTator3,acute liver failure,DISEASE,17,36,MESH:D017114
BMS-0077,PubTator3,AT,DISEASE,2,4,AT
BMS-0077,PubTator3,ALF,DISEASE,41,44,ALF
BMS-0077,PubTator3,AT,CHEMICAL,2,4,MESH:D001246
BMS-0078,PubTator3,mushrooms,SPECIES,63,72,5341
BMS-0078,PubTator3,amatoxin,CHEMICAL,44,52,MESH:C018207
BMS-0079,PubTator3,phallotoxins,CHEMICAL,29,41,MESH:C018358
BMS-0079,PubTator3,amatoxins,CHEMICAL,46,55,MESH:C018207
BMS-0080,PubTator3,toxicity,DISEASE,22,30,MESH:D064420
BMS-0080,PubTator3,alpha amanitin,CHEMICAL,34,48,MESH:D053959
BMS-0080,PubTator3,mice,SPECIES,52,56,10090
BMS-0081,PubTator3,alpha-amanitin,CHEMICAL,23,33,MESH:D053959
BMS-0081,PubTator3,carbon dots,CHEMICAL,57,68,-
BMS-0081,PubTator3,AuNPs,CHEMICAL,69,74,-
BMS-0082,PubTator3,Inocybe,SPECIES,26,33,71954
BMS-0082,PubTator3,muscarine,CHEMICAL,85,94,MESH:D009116
BMS-0082,PubTator3,mushrooms,SPECIES,118,127,5341
BMS-0082,PubTator3,mushroom,SPECIES,118,126,5341
BMS-0083,PubTator3,mushroom,SPECIES,48,56,5341
BMS-0083,PubTator3,Psilocybin,CHEMICAL,12,22,MESH:D011562
BMS-0083,PubTator3,psilocin,CHEMICAL,27,35,MESH:C009105
BMS-0084,PubTator3,toxicity,DISEASE,8,16,MESH:D064420
BMS-0085,PubTator3,psilocin,CHEMICAL,15,23,MESH:C009105
BMS-0086,PubTator3,Orellanine,CHEMICAL,17,27,MESH:C030076
BMS-0086,PubTator3,Human,SPECIES,31,36,9606
BMS-0086,PubTator3,Poisoning,DISEASE,175,184,MESH:D011041
BMS-0087,PubTator3,CAG repeat diseases,DISEASE,145,164,MESH:D004194
BMS-0087,PubTator3,spinocerebellar ataxia type 1,DISEASE,85,114,MESH:D020754
BMS-0087,PubTator3,SCA 1,DISEASE,116,121,MESH:D020754
BMS-0087,PubTator3,alpha-amanitin,CHEMICAL,175,189,MESH:D053959
BMS-0087,PubTator3,rat,SPECIES,22,25,10116
BMS-0088,PubTator3,amatoxins,CHEMICAL,3,12,MESH:C018207
BMS-0088,PubTator3,phallotoxins,CHEMICAL,16,28,MESH:C018358
BMS-0088,PubTator3,L. clypeolaria,SPECIES,46,60,56165
BMS-0088,PubTator3,L. cristata,SPECIES,62,73,L. cristata
BMS-0088,PubTator3,L. echinacea,SPECIES,75,87,L. echinacea
BMS-0088,PubTator3,L. magnispora,SPECIES,92,105,182864
BMS-0089,PubTator3,ibotenic acid,CHEMICAL,39,52,MESH:D007051
BMS-0089,PubTator3,muscimol,CHEMICAL,57,65,MESH:D009118
BMS-0090,PubTator3,amatoxin,CHEMICAL,16,24,MESH:C018207
BMS-0090,PubTator3,poisoning,DISEASE,25,34,MESH:D011041
BMS-0090,PubTator3,Amanita phalloides,SPECIES,53,71,67723
BMS-0090,PubTator3,Lepiota brunneoincarnata,SPECIES,78,102,201213
BMS-0091,PubTator3,Mushroom Intoxication,DISEASE,110,131,MESH:D000435
BMS-0091,PubTator3,patients,SPECIES,96,104,9606
BMS-0092,PubTator3,illudin S,CHEMICAL,17,26,MESH:C008105
BMS-0092,PubTator3,Omphalotus guepiniformis,SPECIES,30,54,2583488
BMS-0092,PubTator3,food poisoning,DISEASE,77,91,MESH:D005517
BMS-0093,PubTator3,FHF,DISEASE,0,3,MESH:C536657
BMS-0093,PubTator3,alpha-amanitin,CHEMICAL,49,63,MESH:D053959
BMS-0093,PubTator3,lipopolysaccharide,CHEMICAL,68,86,MESH:D008070
BMS-0094,PubTator3,phallotoxins,CHEMICAL,0,12,MESH:C018358
BMS-0095,PubTator3,Howardula,SPECIES,0,9,209929
BMS-0095,PubTator3,alpha-amanitin,CHEMICAL,24,38,MESH:D053959
BMS-0096,PubTator3,AR,GENE_PROTEIN,53,56,367
BMS-0096,PubTator3,CRYM,GENE_PROTEIN,68,72,1428
BMS-0096,PubTator3,alpha-amanitin,CHEMICAL,31,45,MESH:D053959
BMS-0097,PubTator3,mice,SPECIES,80,84,10090
BMS-0097,PubTator3,mushroom toxin,CHEMICAL,96,110,-
BMS-0097,PubTator3,ibotenic acid,CHEMICAL,111,124,MESH:D007051
BMS-0098,PubTator3,[Ala7]-phalloidin,CHEMICAL,41,58,MESH:C430290
BMS-0098,PubTator3,phallotoxin,CHEMICAL,72,83,MESH:C018358
BMS-0098,PubTator3,phalloidin,CHEMICAL,48,58,MESH:D010590
BMS-0098,PubTator3,Ala,CHEMICAL,42,45,MESH:D000409
BMS-0099,PubTator3,cardiac arrest,DISEASE,12,26,MESH:D006323
BMS-0099,PubTator3,mushroom poisoning,SPECIES,41,59,mushroom poisoning
BMS-0099,PubTator3,mushroom poisoning,DISEASE,41,59,MESH:D009145
BMS-0099,PubTator3,MP,DISEASE,48,51,MESH:D009145
BMS-0099,PubTator3,seizure,DISEASE,61,68,MESH:D012640
BMS-0100,PubTator3,dogs,SPECIES,21,25,9615
BMS-0100,PubTator3,toxicosis,DISEASE,42,51,MESH:C565846
BMS-0100,PubTator3,alpha-amanitin,CHEMICAL,31,41,MESH:D053959
BMS-0100,PubTator3,alpha-amanitin toxicosis,DISEASE,31,51,MESH:C565846
BMS-0100,PubTator3,mushroom,SPECIES,171,179,5341
BMS-0101,PubTator3,ibotenic acid,CHEMICAL,9,22,MESH:D007051
BMS-0101,PubTator3,muscimol,CHEMICAL,27,35,MESH:D009118
BMS-0102,PubTator3,ibotenic acid,CHEMICAL,65,78,MESH:D007051
BMS-0102,PubTator3,neurotoxic,DISEASE,40,50,MESH:D020258
BMS-0102,PubTator3,poisoning,DISEASE,130,139,MESH:D011041
BMS-0103,PubTator3,muscarine,CHEMICAL,12,21,MESH:D009116
BMS-0104,PubTator3,alpha-amanitin,CHEMICAL,137,151,MESH:D053959
BMS-0105,PubTator3,Drosophila,SPECIES,20,30,7227
BMS-0105,PubTator3,Howardula,SPECIES,73,82,209929
BMS-0105,PubTator3,alpha-amanitin,CHEMICAL,154,164,MESH:D053959
BMS-0106,PubTator3,muscarine,CHEMICAL,56,65,MESH:D009116
BMS-0106,PubTator3,mushrooms,SPECIES,77,86,5341
BMS-0106,PubTator3,patients,SPECIES,23,31,9606
BMS-0106,PubTator3,mushroom,SPECIES,77,85,5341
BMS-0106,PubTator3,patient,SPECIES,23,30,9606
BMS-0106,PubTator3,atropine,CHEMICAL,112,120,MESH:D001285
BMS-0107,PubTator3,Amanita phalloides,DISEASE,86,104,Amanita phalloides
BMS-0107,PubTator3,Poisoning,DISEASE,105,114,MESH:D011041
BMS-0107,PubTator3,Mushroom poisoning,DISEASE,202,220,MESH:D009145
BMS-0107,PubTator3,Amanita phalloides,SPECIES,86,104,67723
BMS-0107,PubTator3,kidney injury,DISEASE,123,136,MESH:D007674
BMS-0108,PubTator3,amatoxin,CHEMICAL,0,8,MESH:C018207
BMS-0109,PubTator3,alpha- and beta-amanitin,CHEMICAL,13,30,-
BMS-0109,PubTator3,muscarine,CHEMICAL,32,41,MESH:D009116
BMS-0109,PubTator3,muscimol,CHEMICAL,43,51,MESH:D009118
BMS-0109,PubTator3,ibotenic acid,CHEMICAL,57,70,MESH:D007051
BMS-0110,PubTator3,beta-amanitin,CHEMICAL,85,95,MESH:C049197
BMS-0110,PubTator3,gamma-amanitin,CHEMICAL,61,71,-
BMS-0110,PubTator3,alpha- and gamma-amanitin,CHEMICAL,54,71,-
BMS-0111,PubTator3,amanitin,CHEMICAL,74,82,MESH:D000546
BMS-0111,PubTator3,beta-amanitin,CHEMICAL,72,82,MESH:C049197
BMS-0111,PubTator3,beta-AMA,CHEMICAL,72,77,MESH:C049197
BMS-0111,PubTator3,AuNPs,CHEMICAL,9,14,-
BMS-0112,PubTator3,silymarin,CHEMICAL,15,24,MESH:D012838
BMS-0112,PubTator3,thioctic acid,CHEMICAL,26,39,MESH:D008063
BMS-0112,PubTator3,penicillin,CHEMICAL,41,51,MESH:D010406
BMS-0113,PubTator3,alpha-amanitin,CHEMICAL,151,161,MESH:D053959
BMS-0113,PubTator3,lipid,CHEMICAL,106,111,MESH:D008055
BMS-0114,PubTator3,amatoxin,CHEMICAL,58,66,MESH:C018207
BMS-0114,PubTator3,ALF,DISEASE,91,94,MESH:D017114
BMS-0114,PubTator3,ALI,DISEASE,75,78,ALI
BMS-0114,PubTator3,A-ALI,DISEASE,80,85,MESH:D000092582
BMS-0115,PubTator3,poisoning,DISEASE,27,36,MESH:D011041
BMS-0115,PubTator3,amatoxins,CHEMICAL,41,50,MESH:C018207
BMS-0115,PubTator3,aminohexadienoic acid,CHEMICAL,52,73,-
BMS-0115,PubTator3,ibotenic acid,CHEMICAL,75,88,MESH:D007051
BMS-0115,PubTator3,muscimol,CHEMICAL,90,98,MESH:D009118
BMS-0115,PubTator3,muscarines,CHEMICAL,103,113,MESH:D009116
BMS-0115,PubTator3,muscarine,CHEMICAL,103,112,MESH:D009116
BMS-0116,PubTator3,alpha-Amanitin,CHEMICAL,91,101,MESH:D053959
BMS-0116,PubTator3,liver injuries,DISEASE,110,124,MESH:D017093
BMS-0117,PubTator3,feline immunodeficiency virus,SPECIES,138,167,11673
BMS-0117,PubTator3,alpha-amanitin,GENE_PROTEIN,26,36,alpha-amanitin
BMS-0117,PubTator3,Alpha-amanitin,CHEMICAL,26,36,MESH:D053959
BMS-0117,PubTator3,FIV,SPECIES,49,52,11673
BMS-0118,PubTator3,Trichothecene,CHEMICAL,0,13,MESH:C000630165
BMS-0118,PubTator3,tremulane,CHEMICAL,18,27,-
BMS-0118,PubTator3,sesquiterpenes,CHEMICAL,28,42,MESH:D012717
BMS-0118,PubTator3,mushroom,SPECIES,65,73,5341
BMS-0118,PubTator3,Gymnopilus junonius,SPECIES,74,93,109634
BMS-0118,PubTator3,cytotoxicity,DISEASE,104,116,MESH:D064420
BMS-0118,PubTator3,cytotoxic,DISEASE,104,113,MESH:D064420
BMS-0119,PubTator3,alpha-Amanitin,CHEMICAL,51,61,MESH:D053959
BMS-0120,PubTator3,phallotoxin,CHEMICAL,61,72,MESH:C018358
BMS-0120,PubTator3,Phallotoxins,CHEMICAL,61,73,MESH:C018358
BMS-0120,PubTator3,poisoning,DISEASE,50,59,MESH:D011041
BMS-0121,PubTator3,amatoxin,CHEMICAL,116,124,MESH:C018207
BMS-0122,PubTator3,phallotoxin,CHEMICAL,34,45,MESH:C018358
BMS-0122,PubTator3,A. phalloides,SPECIES,64,77,67723
BMS-0122,PubTator3,amatoxin,CHEMICAL,21,29,MESH:C018207
BMS-0123,PubTator3,alpha-amanitin,CHEMICAL,13,23,MESH:D053959
BMS-0124,PubTator3,Amatoxin,CHEMICAL,121,129,MESH:C018207
BMS-0124,PubTator3,poisoning,DISEASE,27,36,MESH:D011041
BMS-0124,PubTator3,mushroom poisonings,DISEASE,18,37,MESH:D009145
BMS-0124,PubTator3,deaths,DISEASE,86,92,MESH:D003643
BMS-0124,PubTator3,mushroom,SPECIES,18,26,5341
BMS-0124,PubTator3,death,DISEASE,86,91,MESH:D003643
BMS-0125,PubTator3,Amanita smithiana,SPECIES,24,41,1004520
BMS-0125,PubTator3,tubulopathy,DISEASE,68,79,MESH:C557674
BMS-0125,PubTator3,orellanine,CHEMICAL,152,162,MESH:C030076
BMS-0126,PubTator3,Mushroom,DISEASE,0,8,MESH:D009145
BMS-0126,PubTator3,amatoxin,DISEASE,10,18,amatoxin
BMS-0126,PubTator3,poisoning,DISEASE,20,29,MESH:D011041
BMS-0126,PubTator3,gastrointestinal symptoms,DISEASE,111,136,MESH:D012817
BMS-0126,PubTator3,multisystem organ failure,DISEASE,159,184,MESH:D009102
BMS-0127,PubTator3,amanita phalloides poisoning,DISEASE,92,120,MESH:D011041
BMS-0127,PubTator3,amanitins,CHEMICAL,137,146,MESH:D000546
BMS-0127,PubTator3,poisoning,DISEASE,111,120,MESH:D011041
BMS-0127,PubTator3,amanitin,CHEMICAL,137,145,MESH:D000546
BMS-0127,PubTator3,patients,SPECIES,70,78,9606
BMS-0127,PubTator3,PNC,DISEASE,16,19,PNC
BMS-0128,PubTator3,mushroom,SPECIES,127,135,5341
BMS-0128,PubTator3,toxicosis,DISEASE,85,94,MESH:C565846
BMS-0129,PubTator3,Mushrooms,SPECIES,0,9,5341
BMS-0129,PubTator3,cyclopeptides,CHEMICAL,64,77,MESH:D010456
BMS-0129,PubTator3,gyromitrin,CHEMICAL,79,89,MESH:C005666
BMS-0129,PubTator3,muscarine,CHEMICAL,91,100,MESH:D009116
BMS-0129,PubTator3,coprine,CHEMICAL,102,109,MESH:C014423
BMS-0129,PubTator3,orellanine,CHEMICAL,111,121,MESH:C030076
BMS-0129,PubTator3,psilocybin,CHEMICAL,123,133,MESH:D011562
BMS-0129,PubTator3,GI irritants,DISEASE,139,151,MESH:D005767
BMS-0129,PubTator3,mushroom,SPECIES,0,8,5341
BMS-0131,PubTator3,Amatoxin,CHEMICAL,18,26,MESH:C018207
BMS-0131,PubTator3,poisoning,DISEASE,27,36,MESH:D011041
BMS-0132,PubTator3,alpha-Amanitin,CHEMICAL,4,14,MESH:D053959
BMS-0133,PubTator3,mushroom,SPECIES,88,96,5341
BMS-0133,PubTator3,cyclopeptide,CHEMICAL,64,76,MESH:D010456
BMS-0133,PubTator3,amatoxins,CHEMICAL,99,108,MESH:C018207
BMS-0133,PubTator3,phallotoxins,CHEMICAL,114,126,MESH:C018358
BMS-0133,PubTator3,amatoxin,CHEMICAL,99,107,MESH:C018207
BMS-0134,PubTator3,CP,CHEMICAL,33,35,-
BMS-0135,PubTator3,myocardial injury,DISEASE,89,106,MESH:D009202
BMS-0135,PubTator3,hallucination,DISEASE,0,13,MESH:D006212
BMS-0135,PubTator3,Psilocybe keralensis,DISEASE,31,51,Psilocybe keralensis
BMS-0135,PubTator3,poisoning,DISEASE,78,87,MESH:D011041
BMS-0135,PubTator3,Psilocybe,SPECIES,31,40,2010955
BMS-0135,PubTator3,Psilocybe keralensis,SPECIES,31,51,2010955
BMS-0135,PubTator3,hallucinations,DISEASE,0,14,MESH:D006212
BMS-0135,PubTator3,psilocybin,CHEMICAL,108,118,MESH:D011562
BMS-0135,PubTator3,mushroom,SPECIES,69,77,5341
BMS-0136,PubTator3,Toxicity,DISEASE,231,239,MESH:D064420
BMS-0136,PubTator3,A. exitialis,SPECIES,93,105,A. exitialis
BMS-0136,PubTator3,Beagles,SPECIES,222,229,52644
BMS-0136,PubTator3,amatoxins,CHEMICAL,22,31,MESH:C018207
BMS-0137,PubTator3,alpha-amanitin,CHEMICAL,24,38,MESH:D053959
BMS-0138,PubTator3,alpha-amanitin,CHEMICAL,60,74,MESH:D053959
BMS-0139,PubTator3,Mushroom poisoning,DISEASE,0,18,MESH:D009145
BMS-0139,PubTator3,OR,CHEMICAL,25,27,MESH:C030076
BMS-0140,PubTator3,Acute liver failure,DISEASE,0,19,MESH:D017114
BMS-0141,PubTator3,Tricholoma equestre,SPECIES,0,19,76322
BMS-0141,PubTator3,mushrooms,SPECIES,28,37,5341
BMS-0142,PubTator3,Fulminant liver failure,DISEASE,0,23,MESH:D017114
BMS-0142,PubTator3,mushroom poisoning,DISEASE,37,55,MESH:D009145
BMS-0143,PubTator3,amatoxins,CHEMICAL,79,88,MESH:C018207
BMS-0143,PubTator3,isoxazoles,CHEMICAL,63,73,MESH:D007555
BMS-0143,PubTator3,mushrooms,SPECIES,100,109,5341
BMS-0143,PubTator3,poisoning,DISEASE,48,57,MESH:D011041
BMS-0143,PubTator3,hypertension,DISEASE,169,181,MESH:D006973
BMS-0143,PubTator3,mushroom,SPECIES,100,108,5341
BMS-0144,PubTator3,necrosis,DISEASE,57,65,MESH:D009336
BMS-0145,PubTator3,Drosophila flies,SPECIES,13,29,Drosophila flies
BMS-0145,PubTator3,ibotenic acid,CHEMICAL,33,46,MESH:D007051
BMS-0145,PubTator3,Drosophila,SPECIES,13,23,106246
BMS-0146,PubTator3,colorectal cancer,DISEASE,169,186,MESH:D015179
BMS-0146,PubTator3,tumour,DISEASE,126,132,MESH:D009369
BMS-0146,PubTator3,human,SPECIES,163,168,9606
BMS-0146,PubTator3,cancer,DISEASE,180,186,MESH:D009369
BMS-0146,PubTator3,POLR2A,GENE_PROTEIN,215,221,5430
BMS-0146,PubTator3,alpha-amanitin,CHEMICAL,31,41,MESH:D053959
BMS-0146,PubTator3,epithelial cell adhesion molecule,GENE_PROTEIN,58,91,4072
BMS-0146,PubTator3,EpCAM,GENE_PROTEIN,93,98,4072
BMS-0146,PubTator3,mouse,SPECIES,147,152,10090
BMS-0146,PubTator3,POLR2A.,GENE_PROTEIN,215,222,5430
BMS-0147,PubTator3,alpha amanitin,CHEMICAL,180,194,MESH:D053959
BMS-0147,PubTator3,reactive oxygen species,CHEMICAL,99,122,MESH:D017382
BMS-0147,PubTator3,ROS,CHEMICAL,124,127,MESH:D017382
BMS-0148,PubTator3,orellanine,CHEMICAL,61,71,MESH:C030076
BMS-0148,PubTator3,Cortinarius orellanus,SPECIES,0,21,165401
BMS-0148,PubTator3,Cortinarius rubellus,SPECIES,26,46,86073
BMS-0149,PubTator3,mushrooms,SPECIES,118,127,5341
BMS-0149,PubTator3,man,SPECIES,14,17,man
BMS-0149,PubTator3,anuric renal failure,DISEASE,64,84,MESH:D051437
BMS-0150,PubTator3,mushroom,SPECIES,15,23,5341
BMS-0150,PubTator3,Mushroom poisoning,DISEASE,15,33,MESH:D009145
